method,graph_size,diff,round_trips,bandwidth,delta,coded_symbols_per_round_trip,delta_size_mult
RIBLT,100,0.01,1,490,162,1,1
RIBLT,100,0.01,1,1454,162,5,1
RIBLT,100,0.01,1,2616,162,10,1
RIBLT,100,0.01,1,4958,162,20,1
RIBLT,100,0.01,1,11967,162,50,1
RIBLT,100,0.01,1,23236,162,100,1
RIBLT,100,0.01,1,103214,162,1000,1
TRADI,100,0.01,1,9426,162,1,1
TRADI,100,0.01,1,21994,162,5,1
TRADI,100,0.01,1,37704,162,10,1
TRADI,100,0.01,1,69124,162,20,1
TRADI,100,0.01,1,163384,162,50,1
TRADI,100,0.01,1,310965,162,100,1
TRADI,100,0.01,1,310965,162,1000,1
RIBLT,500,0.01,6,15490,12884,1,1
RIBLT,500,0.01,2,15490,12884,5,1
RIBLT,500,0.01,1,15230,12884,10,1
RIBLT,500,0.01,1,17548,12884,20,1
RIBLT,500,0.01,1,24327,12884,50,1
RIBLT,500,0.01,1,35991,12884,100,1
RIBLT,500,0.01,1,205463,12884,1000,1
TRADI,500,0.01,3,16121,12884,1,1
TRADI,500,0.01,2,28485,12884,5,1
TRADI,500,0.01,2,59835,12884,10,1
TRADI,500,0.01,2,122535,12884,20,1
TRADI,500,0.01,2,310635,12884,50,1
TRADI,500,0.01,2,624135,12884,100,1
TRADI,500,0.01,2,3110004,12884,1000,1
RIBLT,1000,0.01,16,35704,28550,1,1
RIBLT,1000,0.01,6,36573,28550,5,1
RIBLT,1000,0.01,3,35909,28550,10,1
RIBLT,1000,0.01,2,37906,28550,20,1
RIBLT,1000,0.01,1,40049,28550,50,1
RIBLT,1000,0.01,1,51451,28550,100,1
RIBLT,1000,0.01,1,247280,28550,1000,1
TRADI,1000,0.01,5,32226,28550,1,1
TRADI,1000,0.01,3,50590,28550,5,1
TRADI,1000,0.01,2,44146,28550,10,1
TRADI,1000,0.01,2,106826,28550,20,1
TRADI,1000,0.01,2,294866,28550,50,1
TRADI,1000,0.01,2,608266,28550,100,1
TRADI,1000,0.01,2,6227342,28550,1000,1
RIBLT,100,0.05,7,15980,12896,1,1
RIBLT,100,0.05,3,16938,12896,5,1
RIBLT,100,0.05,2,17862,12896,10,1
RIBLT,100,0.05,1,17620,12896,20,1
RIBLT,100,0.05,1,24407,12896,50,1
RIBLT,100,0.05,1,34963,12896,100,1
RIBLT,100,0.05,1,113667,12896,1000,1
TRADI,100,0.05,3,16136,12896,1,1
TRADI,100,0.05,2,28512,12896,5,1
TRADI,100,0.05,2,59892,12896,10,1
TRADI,100,0.05,2,122652,12896,20,1
TRADI,100,0.05,2,310932,12896,50,1
TRADI,100,0.05,2,602580,12896,100,1
TRADI,100,0.05,2,602580,12896,1000,1
RIBLT,500,0.05,101,121669,75200,1,1
RIBLT,500,0.05,34,122173,75200,5,1
RIBLT,500,0.05,19,123282,75200,10,1
RIBLT,500,0.05,10,123496,75200,20,1
RIBLT,500,0.05,4,122173,75200,50,1
RIBLT,500,0.05,2,121669,75200,100,1
RIBLT,500,0.05,1,267243,75200,1000,1
TRADI,500,0.05,13,80181,75200,1,1
TRADI,500,0.05,5,78773,75200,5,1
TRADI,500,0.05,4,134739,75200,10,1
TRADI,500,0.05,3,190705,75200,20,1
TRADI,500,0.05,2,246671,75200,50,1
TRADI,500,0.05,2,558571,75200,100,1
TRADI,500,0.05,2,3031752,75200,1000,1
RIBLT,1000,0.05,75,188401,154008,1,1
RIBLT,1000,0.05,25,188401,154008,5,1
RIBLT,1000,0.05,14,189321,154008,10,1
RIBLT,1000,0.05,8,192498,154008,20,1
RIBLT,1000,0.05,3,189117,154008,50,1
RIBLT,1000,0.05,2,200479,154008,100,1
RIBLT,1000,0.05,1,376314,154008,1000,1
TRADI,1000,0.05,25,161206,154008,1,1
TRADI,1000,0.05,9,170934,154008,5,1
TRADI,1000,0.05,6,195406,154008,10,1
TRADI,1000,0.05,4,245230,154008,20,1
TRADI,1000,0.05,2,169614,154008,50,1
TRADI,1000,0.05,2,483214,154008,100,1
TRADI,1000,0.05,2,6105876,154008,1000,1
RIBLT,100,0.1,21,38003,28604,1,1
RIBLT,100,0.1,7,38003,28604,5,1
RIBLT,100,0.1,4,38446,28604,10,1
RIBLT,100,0.1,2,38003,28604,20,1
RIBLT,100,0.1,1,40100,28604,50,1
RIBLT,100,0.1,1,50944,28604,100,1
RIBLT,100,0.1,1,131214,28604,1000,1
TRADI,100,0.1,5,32286,28604,1,1
TRADI,100,0.1,3,50686,28604,5,1
TRADI,100,0.1,2,44230,28604,10,1
TRADI,100,0.1,2,107030,28604,20,1
TRADI,100,0.1,2,295430,28604,50,1
TRADI,100,0.1,2,587264,28604,100,1
TRADI,100,0.1,2,587264,28604,1000,1
RIBLT,500,0.1,64,183970,154498,1,1
RIBLT,500,0.1,22,184905,154498,5,1
RIBLT,500,0.1,12,184905,154498,10,1
RIBLT,500,0.1,7,188167,154498,20,1
RIBLT,500,0.1,3,189548,154498,50,1
RIBLT,500,0.1,2,201042,154498,100,1
RIBLT,500,0.1,1,343964,154498,1000,1
TRADI,500,0.1,25,161706,154498,1,1
TRADI,500,0.1,9,171474,154498,5,1
TRADI,500,0.1,6,196026,154498,10,1
TRADI,500,0.1,4,246010,154498,20,1
TRADI,500,0.1,2,170154,154498,50,1
TRADI,500,0.1,2,484754,154498,100,1
TRADI,500,0.1,2,2979346,154498,1000,1
RIBLT,1000,0.1,167,389286,312788,1,1
RIBLT,1000,0.1,56,389765,312788,5,1
RIBLT,1000,0.1,31,390961,312788,10,1
RIBLT,1000,0.1,16,389765,312788,20,1
RIBLT,1000,0.1,7,394716,312788,50,1
RIBLT,1000,0.1,4,405596,312788,100,1
RIBLT,1000,0.1,1,534128,312788,1000,1
TRADI,1000,0.1,50,324406,312788,1,1
TRADI,1000,0.1,18,337622,312788,5,1
TRADI,1000,0.1,10,317278,312788,10,1
TRADI,1000,0.1,6,354446,312788,20,1
TRADI,1000,0.1,3,334982,312788,50,1
TRADI,1000,0.1,2,328494,312788,100,1
TRADI,1000,0.1,2,5987016,312788,1000,1
RIBLT,100,0.2,36,76177,60194,1,1
RIBLT,100,0.2,12,76177,60194,5,1
RIBLT,100,0.2,7,77386,60194,10,1
RIBLT,100,0.2,4,78590,60194,20,1
RIBLT,100,0.2,2,82491,60194,50,1
RIBLT,100,0.2,1,82366,60194,100,1
RIBLT,100,0.2,1,157014,60194,1000,1
TRADI,100,0.2,10,64766,60194,1,1
TRADI,100,0.2,4,76310,60194,5,1
TRADI,100,0.2,3,82346,60194,10,1
TRADI,100,0.2,2,75870,60194,20,1
TRADI,100,0.2,2,264870,60194,50,1
TRADI,100,0.2,2,557634,60194,100,1
TRADI,100,0.2,2,557634,60194,1000,1
RIBLT,500,0.2,148,378415,311600,1,1
RIBLT,500,0.2,50,379361,311600,5,1
RIBLT,500,0.2,27,378650,311600,10,1
RIBLT,500,0.2,15,382342,311600,20,1
RIBLT,500,0.2,6,380504,311600,50,1
RIBLT,500,0.2,3,379954,311600,100,1
RIBLT,500,0.2,1,501265,311600,1000,1
TRADI,500,0.2,50,323206,311600,1,1
TRADI,500,0.2,18,336350,311600,5,1
TRADI,500,0.2,10,316078,311600,10,1
TRADI,500,0.2,6,353102,311600,20,1
TRADI,500,0.2,3,333710,311600,50,1
TRADI,500,0.2,2,327246,311600,100,1
TRADI,500,0.2,2,2820252,311600,1000,1
RIBLT,1000,0.2,296,758967,624209,1,1
RIBLT,1000,0.2,99,759402,624209,5,1
RIBLT,1000,0.2,54,759402,624209,10,1
RIBLT,1000,0.2,29,762524,624209,20,1
RIBLT,1000,0.2,12,763229,624209,50,1
RIBLT,1000,0.2,6,761924,624209,100,1
RIBLT,1000,0.2,1,841147,624209,1000,1
TRADI,1000,0.2,100,644606,624209,1,1
TRADI,1000,0.2,34,645530,624209,5,1
TRADI,1000,0.2,19,658565,624209,10,1
TRADI,1000,0.2,11,697824,624209,20,1
TRADI,1000,0.2,5,659148,624209,50,1
TRADI,1000,0.2,3,646256,624209,100,1
TRADI,1000,0.2,2,5633679,624209,1000,1
RIBLT,100,0.5,70,181466,153714,1,1
RIBLT,100,0.5,24,182138,153714,5,1
RIBLT,100,0.5,13,181878,153714,10,1
RIBLT,100,0.5,7,182750,153714,20,1
RIBLT,100,0.5,3,183689,153714,50,1
RIBLT,100,0.5,2,189994,153714,100,1
RIBLT,100,0.5,1,243475,153714,1000,1
TRADI,100,0.5,25,160906,153714,1,1
TRADI,100,0.5,9,170610,153714,5,1
TRADI,100,0.5,6,195034,153714,10,1
TRADI,100,0.5,4,244762,153714,20,1
TRADI,100,0.5,2,169290,153714,50,1
TRADI,100,0.5,2,460194,153714,100,1
TRADI,100,0.5,2,460194,153714,1000,1
RIBLT,500,0.5,349,920434,780959,1,1
RIBLT,500,0.5,117,921098,780959,5,1
RIBLT,500,0.5,64,921433,780959,10,1
RIBLT,500,0.5,34,923035,780959,20,1
RIBLT,500,0.5,14,923035,780959,50,1
RIBLT,500,0.5,7,921937,780959,100,1
RIBLT,500,0.5,1,959879,780959,1000,1
TRADI,500,0.5,125,805756,780959,1,1
TRADI,500,0.5,43,810046,780959,5,1
TRADI,500,0.5,24,812972,780959,10,1
TRADI,500,0.5,13,804766,780959,20,1
TRADI,500,0.5,6,822344,780959,50,1
TRADI,500,0.5,4,1122952,780959,100,1
TRADI,500,0.5,2,2341929,780959,1000,1
RIBLT,1000,0.5,733,1853340,1569200,1,1
RIBLT,1000,0.5,245,1853958,1569200,5,1
RIBLT,1000,0.5,134,1854371,1569200,10,1
RIBLT,1000,0.5,70,1853958,1569200,20,1
RIBLT,1000,0.5,29,1855409,1569200,50,1
RIBLT,1000,0.5,15,1861864,1569200,100,1
RIBLT,1000,0.5,2,1923061,1569200,1000,1
TRADI,1000,0.5,250,1616006,1569200,1,1
TRADI,1000,0.5,84,1599366,1569200,5,1
TRADI,1000,0.5,47,1624206,1569200,10,1
TRADI,1000,0.5,25,1607758,1569200,20,1
TRADI,1000,0.5,11,1643022,1569200,50,1
TRADI,1000,0.5,6,1610702,1569200,100,1
TRADI,1000,0.5,2,4706652,1569200,1000,1
RIBLT,100,0.8,119,284503,248009,1,1
RIBLT,100,0.8,40,284573,248009,5,1
RIBLT,100,0.8,22,284735,248009,10,1
RIBLT,100,0.8,12,285177,248009,20,1
RIBLT,100,0.8,5,285372,248009,50,1
RIBLT,100,0.8,3,290358,248009,100,1
RIBLT,100,0.8,1,331471,248009,1000,1
TRADI,100,0.8,40,257846,248009,1,1
TRADI,100,0.8,14,265810,248009,5,1
TRADI,100,0.8,9,308732,248009,10,1
TRADI,100,0.8,5,282948,248009,20,1
TRADI,100,0.8,3,367055,248009,50,1
TRADI,100,0.8,2,366879,248009,100,1
TRADI,100,0.8,2,366879,248009,1000,1
RIBLT,500,0.8,590,1436133,1253204,1,1
RIBLT,500,0.8,197,1436293,1253204,5,1
RIBLT,500,0.8,108,1436855,1253204,10,1
RIBLT,500,0.8,57,1437824,1253204,20,1
RIBLT,500,0.8,24,1440309,1253204,50,1
RIBLT,500,0.8,12,1439217,1253204,100,1
RIBLT,500,0.8,2,1500898,1253204,1000,1
TRADI,500,0.8,200,1291206,1253204,1,1
TRADI,500,0.8,68,1286726,1253204,5,1
TRADI,500,0.8,38,1312846,1253204,10,1
TRADI,500,0.8,20,1259438,1253204,20,1
TRADI,500,0.8,9,1314022,1253204,50,1
TRADI,500,0.8,5,1288198,1253204,100,1
TRADI,500,0.8,2,1874664,1253204,1000,1
RIBLT,1000,0.8,1170,2868756,2505209,1,1
RIBLT,1000,0.8,390,2868756,2505209,5,1
RIBLT,1000,0.8,213,2869045,2505209,10,1
RIBLT,1000,0.8,112,2869817,2505209,20,1
RIBLT,1000,0.8,46,2869333,2505209,50,1
RIBLT,1000,0.8,24,2876544,2505209,100,1
RIBLT,1000,0.8,3,2927103,2505209,1000,1
TRADI,1000,0.8,400,2578406,2505209,1,1
TRADI,1000,0.8,134,2544130,2505209,5,1
TRADI,1000,0.8,74,2546022,2505209,10,1
TRADI,1000,0.8,39,2574435,2505209,20,1
TRADI,1000,0.8,17,2617500,2505209,50,1
TRADI,1000,0.8,9,2565932,2505209,100,1
TRADI,1000,0.8,2,3752679,2505209,1000,1
RIBLT,100,0.9,131,316969,279715,1,1
RIBLT,100,0.9,44,317130,279715,5,1
RIBLT,100,0.9,24,317130,279715,10,1
RIBLT,100,0.9,13,317767,279715,20,1
RIBLT,100,0.9,6,320362,279715,50,1
RIBLT,100,0.9,3,320166,279715,100,1
RIBLT,100,0.9,1,358047,279715,1000,1
TRADI,100,0.9,45,290436,279715,1,1
TRADI,100,0.9,16,291522,279715,5,1
TRADI,100,0.9,9,309119,279715,10,1
TRADI,100,0.9,6,336661,279715,20,1
TRADI,100,0.9,3,336133,279715,50,1
TRADI,100,0.9,2,335957,279715,100,1
TRADI,100,0.9,2,335957,279715,1000,1
RIBLT,500,0.9,670,1602461,1416041,1,1
RIBLT,500,0.9,224,1602875,1416041,5,1
RIBLT,500,0.9,122,1602714,1416041,10,1
RIBLT,500,0.9,64,1602875,1416041,20,1
RIBLT,500,0.9,27,1605569,1416041,50,1
RIBLT,500,0.9,14,1607992,1416041,100,1
RIBLT,500,0.9,2,1651225,1416041,1000,1
TRADI,500,0.9,225,1458456,1416041,1,1
TRADI,500,0.9,76,1438450,1416041,5,1
TRADI,500,0.9,42,1438772,1416041,10,1
TRADI,500,0.9,23,1504794,1416041,20,1
TRADI,500,0.9,10,1483588,1416041,50,1
TRADI,500,0.9,6,1725479,1416041,100,1
TRADI,500,0.9,2,1724775,1416041,1000,1
RIBLT,1000,0.9,1334,3185309,2816911,1,1
RIBLT,1000,0.9,445,3185379,2816911,5,1
RIBLT,1000,0.9,243,3185576,2816911,10,1
RIBLT,1000,0.9,127,3185274,2816911,20,1
RIBLT,1000,0.9,53,3188416,2816911,50,1
RIBLT,1000,0.9,27,3190603,2816911,100,1
RIBLT,1000,0.9,3,3213862,2816911,1000,1
TRADI,1000,0.9,450,2898906,2816911,1,1
TRADI,1000,0.9,151,2852460,2816911,5,1
TRADI,1000,0.9,83,2853024,2816911,10,1
TRADI,1000,0.9,44,2852426,2816911,20,1
TRADI,1000,0.9,19,2942016,2816911,50,1
TRADI,1000,0.9,10,2884038,2816911,100,1
TRADI,1000,0.9,2,3436985,2816911,1000,1
RIBLT,100,1.0,161,350729,309957,1,1
RIBLT,100,1.0,54,350799,309957,5,1
RIBLT,100,1.0,30,351100,309957,10,1
RIBLT,100,1.0,16,351674,309957,20,1
RIBLT,100,1.0,7,353048,309957,50,1
RIBLT,100,1.0,4,355889,309957,100,1
RIBLT,100,1.0,1,386651,309957,1000,1
TRADI,100,1.0,50,318500,309957,1,1
TRADI,100,1.0,18,312861,309957,5,1
TRADI,100,1.0,10,311372,309957,10,1
TRADI,100,1.0,6,310749,309957,20,1
TRADI,100,1.0,3,310221,309957,50,1
TRADI,100,1.0,2,310045,309957,100,1
TRADI,100,1.0,2,310045,309957,1000,1
RIBLT,500,1.0,747,1760453,1565351,1,1
RIBLT,500,1.0,249,1760453,1565351,5,1
RIBLT,500,1.0,136,1760615,1565351,10,1
RIBLT,500,1.0,72,1761991,1565351,20,1
RIBLT,500,1.0,30,1763343,1565351,50,1
RIBLT,500,1.0,15,1762096,1565351,100,1
RIBLT,500,1.0,2,1795663,1565351,1000,1
TRADI,500,1.0,250,1609094,1565351,1,1
TRADI,500,1.0,84,1579878,1565351,5,1
TRADI,500,1.0,47,1573359,1565351,10,1
TRADI,500,1.0,25,1569487,1565351,20,1
TRADI,500,1.0,11,1567023,1565351,50,1
TRADI,500,1.0,6,1566143,1565351,100,1
TRADI,500,1.0,2,1565439,1565351,1000,1
RIBLT,1000,1.0,1530,3538206,3150834,1,1
RIBLT,1000,1.0,510,3538206,3150834,5,1
RIBLT,1000,1.0,279,3538796,3150834,10,1
RIBLT,1000,1.0,146,3538599,3150834,20,1
RIBLT,1000,1.0,60,3538206,3150834,50,1
RIBLT,1000,1.0,31,3542695,3150834,100,1
RIBLT,1000,1.0,4,3600778,3150834,1000,1
TRADI,1000,1.0,500,3238577,3150834,1,1
TRADI,1000,1.0,168,3180138,3150834,5,1
TRADI,1000,1.0,92,3166762,3150834,10,1
TRADI,1000,1.0,49,3159194,3150834,20,1
TRADI,1000,1.0,21,3154266,3150834,50,1
TRADI,1000,1.0,11,3152506,3150834,100,1
TRADI,1000,1.0,2,3150922,3150834,1000,1
RIBLT,100,0.01,1,434,162,1,10
RIBLT,100,0.01,1,1319,162,5,10
RIBLT,100,0.01,1,2450,162,10,10
RIBLT,100,0.01,1,4799,162,20,10
RIBLT,100,0.01,1,11577,162,50,10
RIBLT,100,0.01,1,22171,162,100,10
RIBLT,100,0.01,1,101372,162,1000,10
TRADI,100,0.01,1,63432,162,1,10
TRADI,100,0.01,1,148008,162,5,10
TRADI,100,0.01,1,253728,162,10,10
TRADI,100,0.01,1,465168,162,20,10
TRADI,100,0.01,1,1099488,162,50,10
TRADI,100,0.01,1,2093163,162,100,10
TRADI,100,0.01,1,2093163,162,1000,10
RIBLT,500,0.01,7,88005,84944,1,10
RIBLT,500,0.01,3,88920,84944,5,10
RIBLT,500,0.01,2,89828,84944,10,10
RIBLT,500,0.01,1,89602,84944,20,10
RIBLT,500,0.01,1,96491,84944,50,10
RIBLT,500,0.01,1,107930,84944,100,10
RIBLT,500,0.01,1,279025,84944,1000,10
TRADI,500,0.01,3,106196,84944,1,10
TRADI,500,0.01,2,190620,84944,5,10
TRADI,500,0.01,2,402120,84944,10,10
TRADI,500,0.01,2,825120,84944,20,10
TRADI,500,0.01,2,2094120,84944,50,10
TRADI,500,0.01,2,4209120,84944,100,10
TRADI,500,0.01,2,20980884,84944,1000,10
RIBLT,1000,0.01,14,196935,190622,1,10
RIBLT,1000,0.01,5,197342,190622,5,10
RIBLT,1000,0.01,3,198033,190622,10,10
RIBLT,1000,0.01,2,200137,190622,20,10
RIBLT,1000,0.01,1,202213,190622,50,10
RIBLT,1000,0.01,1,213628,190622,100,10
RIBLT,1000,0.01,1,411060,190622,1000,10
TRADI,1000,0.01,5,212306,190622,1,10
TRADI,1000,0.01,3,338718,190622,5,10
TRADI,1000,0.01,2,296258,190622,10,10
TRADI,1000,0.01,2,719098,190622,20,10
TRADI,1000,0.01,2,1987618,190622,50,10
TRADI,1000,0.01,2,4101818,190622,100,10
TRADI,1000,0.01,2,42009238,190622,1000,10
RIBLT,100,0.05,5,87166,84912,1,10
RIBLT,100,0.05,2,87667,84912,5,10
RIBLT,100,0.05,1,87429,84912,10,10
RIBLT,100,0.05,1,89857,84912,20,10
RIBLT,100,0.05,1,96868,84912,50,10
RIBLT,100,0.05,1,107482,84912,100,10
RIBLT,100,0.05,1,186384,84912,1000,10
TRADI,100,0.05,3,106156,84912,1,10
TRADI,100,0.05,2,190548,84912,5,10
TRADI,100,0.05,2,401968,84912,10,10
TRADI,100,0.05,2,824808,84912,20,10
TRADI,100,0.05,2,2093328,84912,50,10
TRADI,100,0.05,2,4059348,84912,100,10
TRADI,100,0.05,2,4059348,84912,1000,10
RIBLT,500,0.05,32,522231,507584,1,10
RIBLT,500,0.05,11,522654,507584,5,10
RIBLT,500,0.05,6,522654,507584,10,10
RIBLT,500,0.05,4,526716,507584,20,10
RIBLT,500,0.05,2,530856,507584,50,10
RIBLT,500,0.05,1,530636,507584,100,10
RIBLT,500,0.05,1,699037,507584,1000,10
TRADI,500,0.05,13,530581,507584,1,10
TRADI,500,0.05,5,529173,507584,5,10
TRADI,500,0.05,4,909427,507584,10,10
TRADI,500,0.05,3,1289681,507584,20,10
TRADI,500,0.05,2,1669935,507584,50,10
TRADI,500,0.05,2,3783435,507584,100,10
TRADI,500,0.05,2,20543304,507584,1000,10
RIBLT,1000,0.05,85,1075441,1036204,1,10
RIBLT,1000,0.05,29,1076325,1036204,5,10
RIBLT,1000,0.05,16,1076789,1036204,10,10
RIBLT,1000,0.05,9,1079761,1036204,20,10
RIBLT,1000,0.05,4,1083183,1036204,50,10
RIBLT,1000,0.05,2,1082746,1036204,100,10
RIBLT,1000,0.05,1,1260946,1036204,1000,10
TRADI,1000,0.05,25,1061406,1036204,1,10
TRADI,1000,0.05,9,1143150,1036204,5,10
TRADI,1000,0.05,6,1311654,1036204,10,10
TRADI,1000,0.05,4,1649542,1036204,20,10
TRADI,1000,0.05,2,1141830,1036204,50,10
TRADI,1000,0.05,2,3255830,1036204,100,10
TRADI,1000,0.05,2,41159664,1036204,1000,10
RIBLT,100,0.1,16,197808,190559,1,10
RIBLT,100,0.1,6,198728,190559,5,10
RIBLT,100,0.1,3,198045,190559,10,10
RIBLT,100,0.1,2,199971,190559,20,10
RIBLT,100,0.1,1,201897,190559,50,10
RIBLT,100,0.1,1,211397,190559,100,10
RIBLT,100,0.1,1,290404,190559,1000,10
TRADI,100,0.1,5,212236,190559,1,10
TRADI,100,0.1,3,338606,190559,5,10
TRADI,100,0.1,2,296160,190559,10,10
TRADI,100,0.1,2,718860,190559,20,10
TRADI,100,0.1,2,1986960,190559,50,10
TRADI,100,0.1,2,3952329,190559,100,10
TRADI,100,0.1,2,3952329,190559,1000,10
RIBLT,500,0.1,81,1073174,1036106,1,10
RIBLT,500,0.1,27,1073174,1036106,5,10
RIBLT,500,0.1,15,1073879,1036106,10,10
RIBLT,500,0.1,8,1074554,1036106,20,10
RIBLT,500,0.1,4,1082795,1036106,50,10
RIBLT,500,0.1,2,1082359,1036106,100,10
RIBLT,500,0.1,1,1228108,1036106,1000,10
TRADI,500,0.1,25,1061306,1036106,1,10
TRADI,500,0.1,9,1143042,1036106,5,10
TRADI,500,0.1,6,1311530,1036106,10,10
TRADI,500,0.1,4,1649386,1036106,20,10
TRADI,500,0.1,2,1141722,1036106,50,10
TRADI,500,0.1,2,3255522,1036106,100,10
TRADI,500,0.1,2,20017770,1036106,1000,10
RIBLT,1000,0.1,151,2161721,2092115,1,10
RIBLT,1000,0.1,51,2162663,2092115,5,10
RIBLT,1000,0.1,28,2163166,2092115,10,10
RIBLT,1000,0.1,15,2164813,2092115,20,10
RIBLT,1000,0.1,6,2162663,2092115,50,10
RIBLT,1000,0.1,3,2162011,2092115,100,10
RIBLT,1000,0.1,1,2312112,2092115,1000,10
TRADI,1000,0.1,50,2121706,2092115,1,10
TRADI,1000,0.1,18,2242760,2092115,5,10
TRADI,1000,0.1,10,2114578,2092115,10,10
TRADI,1000,0.1,6,2367422,2092115,20,10
TRADI,1000,0.1,3,2240120,2092115,50,10
TRADI,1000,0.1,2,2197686,2092115,100,10
TRADI,1000,0.1,2,40081797,2092115,1000,10
RIBLT,100,0.2,31,415854,401871,1,10
RIBLT,100,0.2,11,416598,401871,5,10
RIBLT,100,0.2,6,416598,401871,10,10
RIBLT,100,0.2,3,416105,401871,20,10
RIBLT,100,0.2,2,423896,401871,50,10
RIBLT,100,0.2,1,423692,401871,100,10
RIBLT,100,0.2,1,499085,401871,1000,10
TRADI,100,0.2,10,424426,401871,1,10
TRADI,100,0.2,4,507902,401871,5,10
TRADI,100,0.2,3,549904,401871,10,10
TRADI,100,0.2,2,507462,401871,20,10
TRADI,100,0.2,2,1775442,401871,50,10
TRADI,100,0.2,2,3740625,401871,100,10
TRADI,100,0.2,2,3740625,401871,1000,10
RIBLT,500,0.2,193,2181865,2094293,1,10
RIBLT,500,0.2,65,2182508,2094293,5,10
RIBLT,500,0.2,35,2181602,2094293,10,10
RIBLT,500,0.2,19,2184600,2094293,20,10
RIBLT,500,0.2,8,2185881,2094293,50,10
RIBLT,500,0.2,4,2185253,2094293,100,10
RIBLT,500,0.2,1,2284977,2094293,1000,10
TRADI,500,0.2,50,2123906,2094293,1,10
TRADI,500,0.2,18,2245092,2094293,5,10
TRADI,500,0.2,10,2116778,2094293,10,10
TRADI,500,0.2,6,2369886,2094293,20,10
TRADI,500,0.2,3,2242452,2094293,50,10
TRADI,500,0.2,2,2199974,2094293,100,10
TRADI,500,0.2,2,18972531,2094293,1000,10
RIBLT,1000,0.2,303,4346332,4208199,1,10
RIBLT,1000,0.2,101,4346332,4208199,5,10
RIBLT,1000,0.2,56,4348798,4208199,10,10
RIBLT,1000,0.2,29,4347036,4208199,20,10
RIBLT,1000,0.2,12,4347713,4208199,50,10
RIBLT,1000,0.2,6,4346332,4208199,100,10
RIBLT,1000,0.2,1,4427848,4208199,1000,10
TRADI,1000,0.2,100,4246606,4208199,1,10
TRADI,1000,0.2,34,4319570,4208199,5,10
TRADI,1000,0.2,19,4422655,4208199,10,10
TRADI,1000,0.2,11,4696044,4208199,20,10
TRADI,1000,0.2,5,4441248,4208199,50,10
TRADI,1000,0.2,3,4356316,4208199,100,10
TRADI,1000,0.2,2,37997649,4208199,1000,10
RIBLT,100,0.5,79,1064638,1036155,1,10
RIBLT,100,0.5,27,1065049,1036155,5,10
RIBLT,100,0.5,15,1065492,1036155,10,10
RIBLT,100,0.5,8,1066189,1036155,20,10
RIBLT,100,0.5,4,1070678,1036155,50,10
RIBLT,100,0.5,2,1070426,1036155,100,10
RIBLT,100,0.5,1,1125551,1036155,1000,10
TRADI,100,0.5,25,1061356,1036155,1,10
TRADI,100,0.5,9,1143096,1036155,5,10
TRADI,100,0.5,6,1311592,1036155,10,10
TRADI,100,0.5,4,1649464,1036155,20,10
TRADI,100,0.5,2,1141776,1036155,50,10
TRADI,100,0.5,2,3107517,1036155,100,10
TRADI,100,0.5,2,3107517,1036155,1000,10
RIBLT,500,0.5,375,5409619,5265698,1,10
RIBLT,500,0.5,125,5409619,5265698,5,10
RIBLT,500,0.5,69,5411008,5265698,10,10
RIBLT,500,0.5,36,5410647,5265698,20,10
RIBLT,500,0.5,15,5411827,5265698,50,10
RIBLT,500,0.5,8,5417210,5265698,100,10
RIBLT,500,0.5,1,5439632,5265698,1000,10
TRADI,500,0.5,125,5308506,5265698,1,10
TRADI,500,0.5,43,5420862,5265698,5,10
TRADI,500,0.5,24,5459810,5265698,10,10
TRADI,500,0.5,13,5415582,5265698,20,10
TRADI,500,0.5,6,5541226,5265698,50,10
TRADI,500,0.5,4,7570890,5265698,100,10
TRADI,500,0.5,2,15796146,5265698,1000,10
RIBLT,1000,0.5,757,10847770,10554693,1,10
RIBLT,1000,0.5,253,10848562,10554693,5,10
RIBLT,1000,0.5,138,10848562,10554693,10,10
RIBLT,1000,0.5,73,10850311,10554693,20,10
RIBLT,1000,0.5,30,10849887,10554693,50,10
RIBLT,1000,0.5,15,10847896,10554693,100,10
RIBLT,1000,0.5,2,10910092,10554693,1000,10
TRADI,1000,0.5,250,10619506,10554693,1,10
TRADI,1000,0.5,84,10674894,10554693,5,10
TRADI,1000,0.5,47,10879804,10554693,10,10
TRADI,1000,0.5,25,10791328,10554693,20,10
TRADI,1000,0.5,11,11042676,10554693,50,10
TRADI,1000,0.5,6,10830286,10554693,100,10
TRADI,1000,0.5,2,31663131,10554693,1000,10
RIBLT,100,0.8,131,1709923,1670404,1,10
RIBLT,100,0.8,44,1709993,1670404,5,10
RIBLT,100,0.8,24,1709993,1670404,10,10
RIBLT,100,0.8,13,1710792,1670404,20,10
RIBLT,100,0.8,6,1713286,1670404,50,10
RIBLT,100,0.8,3,1713089,1670404,100,10
RIBLT,100,0.8,1,1753715,1670404,1000,10
TRADI,100,0.8,40,1698246,1670404,1,10
TRADI,100,0.8,14,1778230,1670404,5,10
TRADI,100,0.8,9,2073222,1670404,10,10
TRADI,100,0.8,5,1903398,1670404,20,10
TRADI,100,0.8,3,2473640,1670404,50,10
TRADI,100,0.8,2,2473464,1670404,100,10
TRADI,100,0.8,2,2473464,1670404,1000,10
RIBLT,500,0.8,578,8619711,8440391,1,10
RIBLT,500,0.8,193,8619781,8440391,5,10
RIBLT,500,0.8,105,8619585,8440391,10,10
RIBLT,500,0.8,55,8619585,8440391,20,10
RIBLT,500,0.8,23,8621969,8440391,50,10
RIBLT,500,0.8,12,8625294,8440391,100,10
RIBLT,500,0.8,2,8687407,8440391,1000,10
TRADI,500,0.8,200,8496406,8440391,1,10
TRADI,500,0.8,68,8600004,8440391,5,10
TRADI,500,0.8,38,8806254,8440391,10,10
TRADI,500,0.8,20,8464638,8440391,20,10
TRADI,500,0.8,9,8843456,8440391,50,10
TRADI,500,0.8,5,8673528,8440391,100,10
TRADI,500,0.8,2,12628425,8440391,1000,10
RIBLT,1000,0.8,1228,17261753,16890405,1,10
RIBLT,1000,0.8,410,17262408,16890405,5,10
RIBLT,1000,0.8,224,17262972,16890405,10,10
RIBLT,1000,0.8,117,17261878,16890405,20,10
RIBLT,1000,0.8,49,17265713,16890405,50,10
RIBLT,1000,0.8,25,17268226,16890405,100,10
RIBLT,1000,0.8,3,17308528,16890405,1000,10
TRADI,1000,0.8,400,16981606,16890405,1,10
TRADI,1000,0.8,134,17019346,16890405,5,10
TRADI,1000,0.8,74,17093254,16890405,10,10
TRADI,1000,0.8,39,17319711,16890405,20,10
TRADI,1000,0.8,17,17632836,16890405,50,10
TRADI,1000,0.8,9,17293204,16890405,100,10
TRADI,1000,0.8,2,25303467,16890405,1000,10
RIBLT,100,0.9,122,1917772,1882516,1,10
RIBLT,100,0.9,41,1918085,1882516,5,10
RIBLT,100,0.9,23,1918601,1882516,10,10
RIBLT,100,0.9,12,1918476,1882516,20,10
RIBLT,100,0.9,5,1918671,1882516,50,10
RIBLT,100,0.9,3,1922863,1882516,100,10
RIBLT,100,0.9,1,1961138,1882516,1000,10
TRADI,100,0.9,45,1911246,1882516,1,10
TRADI,100,0.9,16,1948350,1882516,5,10
TRADI,100,0.9,9,2074001,1882516,10,10
TRADI,100,0.9,6,2263624,1882516,20,10
TRADI,100,0.9,3,2263096,1882516,50,10
TRADI,100,0.9,2,2262920,1882516,100,10
TRADI,100,0.9,2,2262920,1882516,1000,10
RIBLT,500,0.9,700,9684608,9491755,1,10
RIBLT,500,0.9,234,9684932,9491755,5,10
RIBLT,500,0.9,128,9685072,9491755,10,10
RIBLT,500,0.9,67,9685037,9491755,20,10
RIBLT,500,0.9,28,9686479,9491755,50,10
RIBLT,500,0.9,14,9685806,9491755,100,10
RIBLT,500,0.9,2,9727601,9491755,1000,10
TRADI,500,0.9,225,9552156,9491755,1,10
TRADI,500,0.9,76,9568122,9491755,5,10
TRADI,500,0.9,42,9604416,9491755,10,10
TRADI,500,0.9,23,10066130,9491755,20,10
TRADI,500,0.9,10,9937008,9491755,50,10
TRADI,500,0.9,6,11563821,9491755,100,10
TRADI,500,0.9,2,11563117,9491755,1000,10
RIBLT,1000,0.9,1347,19389360,19022285,1,10
RIBLT,1000,0.9,449,19389360,19022285,5,10
RIBLT,1000,0.9,245,19389395,19022285,10,10
RIBLT,1000,0.9,129,19389976,19022285,20,10
RIBLT,1000,0.9,53,19389675,19022285,50,10
RIBLT,1000,0.9,27,19391578,19022285,100,10
RIBLT,1000,0.9,3,19413186,19022285,1000,10
TRADI,1000,0.9,450,19122306,19022285,1,10
TRADI,1000,0.9,151,19111912,19022285,5,10
TRADI,1000,0.9,83,19184580,19022285,10,10
TRADI,1000,0.9,44,19220034,19022285,20,10
TRADI,1000,0.9,19,19850404,19022285,50,10
TRADI,1000,0.9,10,19467958,19022285,100,10
TRADI,1000,0.9,2,23211507,19022285,1000,10
RIBLT,100,1.0,159,2133541,2093244,1,10
RIBLT,100,1.0,53,2133541,2093244,5,10
RIBLT,100,1.0,29,2133576,2093244,10,10
RIBLT,100,1.0,16,2135154,2093244,20,10
RIBLT,100,1.0,7,2136426,2093244,50,10
RIBLT,100,1.0,4,2139441,2093244,100,10
RIBLT,100,1.0,1,2171556,2093244,1000,10
TRADI,100,1.0,50,2101787,2093244,1,10
TRADI,100,1.0,18,2096148,2093244,5,10
TRADI,100,1.0,10,2094659,2093244,10,10
TRADI,100,1.0,6,2094036,2093244,20,10
TRADI,100,1.0,3,2093508,2093244,50,10
TRADI,100,1.0,2,2093332,2093244,100,10
TRADI,100,1.0,2,2093332,2093244,1000,10
RIBLT,500,1.0,736,10746894,10554836,1,10
RIBLT,500,1.0,246,10747125,10554836,5,10
RIBLT,500,1.0,134,10746964,10554836,10,10
RIBLT,500,1.0,71,10748017,10554836,20,10
RIBLT,500,1.0,29,10747230,10554836,50,10
RIBLT,500,1.0,15,10750059,10554836,100,10
RIBLT,500,1.0,2,10784571,10554836,1000,10
TRADI,500,1.0,250,10598579,10554836,1,10
TRADI,500,1.0,84,10569363,10554836,5,10
TRADI,500,1.0,47,10562844,10554836,10,10
TRADI,500,1.0,25,10558972,10554836,20,10
TRADI,500,1.0,11,10556508,10554836,50,10
TRADI,500,1.0,6,10555628,10554836,100,10
TRADI,500,1.0,2,10554924,10554836,1000,10
RIBLT,1000,1.0,1485,21517045,21131835,1,10
RIBLT,1000,1.0,495,21517045,21131835,5,10
RIBLT,1000,1.0,270,21517045,21131835,10,10
RIBLT,1000,1.0,142,21518205,21131835,20,10
RIBLT,1000,1.0,59,21520204,21131835,50,10
RIBLT,1000,1.0,30,21521553,21131835,100,10
RIBLT,1000,1.0,3,21519903,21131835,1000,10
TRADI,1000,1.0,500,21219578,21131835,1,10
TRADI,1000,1.0,168,21161139,21131835,5,10
TRADI,1000,1.0,92,21147763,21131835,10,10
TRADI,1000,1.0,49,21140195,21131835,20,10
TRADI,1000,1.0,21,21135267,21131835,50,10
TRADI,1000,1.0,11,21133507,21131835,100,10
TRADI,1000,1.0,2,21131923,21131835,1000,10
RIBLT,100,0.01,1,479,162,1,100
RIBLT,100,0.01,1,1403,162,5,100
RIBLT,100,0.01,1,2587,162,10,100
RIBLT,100,0.01,1,5055,162,20,100
RIBLT,100,0.01,1,12122,162,50,100
RIBLT,100,0.01,1,23248,162,100,100
RIBLT,100,0.01,1,102014,162,1000,100
TRADI,100,0.01,1,603453,162,1,100
TRADI,100,0.01,1,1408057,162,5,100
TRADI,100,0.01,1,2413812,162,10,100
TRADI,100,0.01,1,4425322,162,20,100
TRADI,100,0.01,1,10459852,162,50,100
TRADI,100,0.01,1,19913856,162,100,100
TRADI,100,0.01,1,19913856,162,1000,100
RIBLT,500,0.01,7,808123,804888,1,100
RIBLT,500,0.01,3,808992,804888,5,100
RIBLT,500,0.01,2,809911,804888,10,100
RIBLT,500,0.01,1,809711,804888,20,100
RIBLT,500,0.01,1,816577,804888,50,100
RIBLT,500,0.01,1,828092,804888,100,100
RIBLT,500,0.01,1,997359,804888,1000,100
TRADI,500,0.01,3,1006126,804888,1,100
TRADI,500,0.01,2,1810494,804888,5,100
TRADI,500,0.01,2,3821854,804888,10,100
TRADI,500,0.01,2,7844574,804888,20,100
TRADI,500,0.01,2,19912734,804888,50,100
TRADI,500,0.01,2,40026334,804888,100,100
TRADI,500,0.01,2,199526996,804888,1000,100
RIBLT,1000,0.01,17,1818359,1810478,1,100
RIBLT,1000,0.01,6,1818848,1810478,5,100
RIBLT,1000,0.01,4,1820786,1810478,10,100
RIBLT,1000,0.01,2,1820301,1810478,20,100
RIBLT,1000,0.01,1,1822358,1810478,50,100
RIBLT,1000,0.01,1,1833880,1810478,100,100
RIBLT,1000,0.01,1,2030362,1810478,1000,100
TRADI,1000,0.01,5,2012146,1810478,1,100
TRADI,1000,0.01,3,3218462,1810478,5,100
TRADI,1000,0.01,2,2816034,1810478,10,100
TRADI,1000,0.01,2,6838554,1810478,20,100
TRADI,1000,0.01,2,18906114,1810478,50,100
TRADI,1000,0.01,2,39018714,1810478,100,100
TRADI,1000,0.01,2,399637446,1810478,1000,100
RIBLT,100,0.05,18,812976,804896,1,100
RIBLT,100,0.05,6,812976,804896,5,100
RIBLT,100,0.05,4,814742,804896,10,100
RIBLT,100,0.05,2,814309,804896,20,100
RIBLT,100,0.05,1,816336,804896,50,100
RIBLT,100,0.05,1,827380,804896,100,100
RIBLT,100,0.05,1,905660,804896,1000,100
TRADI,100,0.05,3,1006136,804896,1,100
TRADI,100,0.05,2,1810512,804896,5,100
TRADI,100,0.05,2,3821892,804896,10,100
TRADI,100,0.05,2,7844652,804896,20,100
TRADI,100,0.05,2,19912932,804896,50,100
TRADI,100,0.05,2,38618580,804896,100,100
TRADI,100,0.05,2,38618580,804896,1000,100
RIBLT,500,0.05,35,4843901,4827656,1,100
RIBLT,500,0.05,12,4844342,4827656,5,100
RIBLT,500,0.05,7,4845523,4827656,10,100
RIBLT,500,0.05,4,4847150,4827656,20,100
RIBLT,500,0.05,2,4851219,4827656,50,100
RIBLT,500,0.05,1,4850963,4827656,100,100
RIBLT,500,0.05,1,5019035,4827656,1000,100
TRADI,500,0.05,13,5030656,4827656,1,100
TRADI,500,0.05,5,5029248,4827656,5,100
TRADI,500,0.05,4,8649556,4827656,10,100
TRADI,500,0.05,3,12269864,4827656,20,100
TRADI,500,0.05,2,15890172,4827656,50,100
TRADI,500,0.05,2,36003972,4827656,100,100
TRADI,500,0.05,2,195506220,4827656,1000,100
RIBLT,1000,0.05,70,9888903,9856547,1,100
RIBLT,1000,0.05,24,9889825,9856547,5,100
RIBLT,1000,0.05,13,9889582,9856547,10,100
RIBLT,1000,0.05,7,9890520,9856547,20,100
RIBLT,1000,0.05,3,9891967,9856547,50,100
RIBLT,1000,0.05,2,9903261,9856547,100,100
RIBLT,1000,0.05,1,10079044,9856547,1000,100
TRADI,1000,0.05,25,10061756,9856547,1,100
TRADI,1000,0.05,9,10863528,9856547,5,100
TRADI,1000,0.05,6,12472088,9856547,10,100
TRADI,1000,0.05,4,15690088,9856547,20,100
TRADI,1000,0.05,2,10862208,9856547,50,100
TRADI,1000,0.05,2,30976908,9856547,100,100
TRADI,1000,0.05,2,391633293,9856547,1000,100
RIBLT,100,0.1,20,1819773,1810550,1,100
RIBLT,100,0.1,7,1820273,1810550,5,100
RIBLT,100,0.1,4,1820645,1810550,10,100
RIBLT,100,0.1,2,1820273,1810550,20,100
RIBLT,100,0.1,1,1822318,1810550,50,100
RIBLT,100,0.1,1,1832450,1810550,100,100
RIBLT,100,0.1,1,1911217,1810550,1000,100
TRADI,100,0.1,5,2012226,1810550,1,100
TRADI,100,0.1,3,3218590,1810550,5,100
TRADI,100,0.1,2,2816146,1810550,10,100
TRADI,100,0.1,2,6838826,1810550,20,100
TRADI,100,0.1,2,18906866,1810550,50,100
TRADI,100,0.1,2,37612142,1810550,100,100
TRADI,100,0.1,2,37612142,1810550,1000,100
RIBLT,500,0.1,94,9899359,9856155,1,100
RIBLT,500,0.1,32,9900328,9856155,5,100
RIBLT,500,0.1,18,9901698,9856155,10,100
RIBLT,500,0.1,9,9899563,9856155,20,100
RIBLT,500,0.1,4,9903029,9856155,50,100
RIBLT,500,0.1,2,9902610,9856155,100,100
RIBLT,500,0.1,1,10045775,9856155,1000,100
TRADI,500,0.1,25,10061356,9856155,1,100
TRADI,500,0.1,9,10863096,9856155,5,100
TRADI,500,0.1,6,12471592,9856155,10,100
TRADI,500,0.1,4,15689464,9856155,20,100
TRADI,500,0.1,2,10861776,9856155,50,100
TRADI,500,0.1,2,30975676,9856155,100,100
TRADI,500,0.1,2,190478717,9856155,1000,100
RIBLT,1000,0.1,157,19984646,19912214,1,100
RIBLT,1000,0.1,53,19985596,19912214,5,100
RIBLT,1000,0.1,29,19985810,19912214,10,100
RIBLT,1000,0.1,15,19984891,19912214,20,100
RIBLT,1000,0.1,7,19994726,19912214,50,100
RIBLT,1000,0.1,4,20005553,19912214,100,100
RIBLT,1000,0.1,1,20130797,19912214,1000,100
TRADI,1000,0.1,50,20121806,19912214,1,100
TRADI,1000,0.1,18,21322866,19912214,5,100
TRADI,1000,0.1,10,20114678,19912214,10,100
TRADI,1000,0.1,6,22527534,19912214,20,100
TRADI,1000,0.1,3,21320226,19912214,50,100
TRADI,1000,0.1,2,20917790,19912214,100,100
TRADI,1000,0.1,2,381543694,19912214,1000,100
RIBLT,100,0.2,36,3838192,3822175,1,100
RIBLT,100,0.2,12,3838192,3822175,5,100
RIBLT,100,0.2,7,3839433,3822175,10,100
RIBLT,100,0.2,4,3840820,3822175,20,100
RIBLT,100,0.2,2,3844661,3822175,50,100
RIBLT,100,0.2,1,3844402,3822175,100,100
RIBLT,100,0.2,1,3922193,3822175,1000,100
TRADI,100,0.2,10,4024746,3822175,1,100
TRADI,100,0.2,4,4828286,3822175,5,100
TRADI,100,0.2,3,5230320,3822175,10,100
TRADI,100,0.2,2,4827846,3822175,20,100
TRADI,100,0.2,2,16896786,3822175,50,100
TRADI,100,0.2,2,35603457,3822175,100,100
TRADI,100,0.2,2,35603457,3822175,1000,100
RIBLT,500,0.2,158,19984996,19913303,1,100
RIBLT,500,0.2,53,19985481,19913303,5,100
RIBLT,500,0.2,29,19985750,19913303,10,100
RIBLT,500,0.2,16,19989700,19913303,20,100
RIBLT,500,0.2,7,19994594,19913303,50,100
RIBLT,500,0.2,4,20004348,19913303,100,100
RIBLT,500,0.2,1,20104084,19913303,1000,100
TRADI,500,0.2,50,20122906,19913303,1,100
TRADI,500,0.2,18,21324032,19913303,5,100
TRADI,500,0.2,10,20115778,19913303,10,100
TRADI,500,0.2,6,22528766,19913303,20,100
TRADI,500,0.2,3,21321392,19913303,50,100
TRADI,500,0.2,2,20918934,19913303,100,100
TRADI,500,0.2,2,180423561,19913303,1000,100
RIBLT,1000,0.2,303,40163624,40025612,1,100
RIBLT,1000,0.2,101,40163624,40025612,5,100
RIBLT,1000,0.2,56,40165887,40025612,10,100
RIBLT,1000,0.2,29,40164193,40025612,20,100
RIBLT,1000,0.2,12,40164872,40025612,50,100
RIBLT,1000,0.2,6,40163624,40025612,100,100
RIBLT,1000,0.2,1,40245433,40025612,1000,100
TRADI,1000,0.2,100,40244006,40025612,1,100
TRADI,1000,0.2,34,41036918,40025612,5,100
TRADI,1000,0.2,19,42039938,40025612,10,100
TRADI,1000,0.2,11,44653158,40025612,20,100
TRADI,1000,0.2,5,42238518,40025612,50,100
TRADI,1000,0.2,3,41433638,40025612,100,100
TRADI,1000,0.2,2,361434288,40025612,1000,100
RIBLT,100,0.5,74,9885010,9856596,1,100
RIBLT,100,0.5,25,9885479,9856596,5,100
RIBLT,100,0.5,14,9886205,9856596,10,100
RIBLT,100,0.5,8,9888088,9856596,20,100
RIBLT,100,0.5,3,9886079,9856596,50,100
RIBLT,100,0.5,2,9891751,9856596,100,100
RIBLT,100,0.5,1,9947144,9856596,1000,100
TRADI,100,0.5,25,10061806,9856596,1,100
TRADI,100,0.5,9,10863582,9856596,5,100
TRADI,100,0.5,6,12472150,9856596,10,100
TRADI,100,0.5,4,15690166,9856596,20,100
TRADI,100,0.5,2,10862262,9856596,50,100
TRADI,100,0.5,2,29568840,9856596,100,100
TRADI,100,0.5,2,29568840,9856596,1000,100
RIBLT,500,0.5,377,50232199,50087192,1,100
RIBLT,500,0.5,126,50232578,50087192,5,100
RIBLT,500,0.5,69,50232865,50087192,10,100
RIBLT,500,0.5,36,50232578,50087192,20,100
RIBLT,500,0.5,15,50234076,50087192,50,100
RIBLT,500,0.5,8,50239943,50087192,100,100
RIBLT,500,0.5,1,50264854,50087192,1000,100
TRADI,500,0.5,125,50310006,50087192,1,100
TRADI,500,0.5,43,51502398,50087192,5,100
TRADI,500,0.5,24,51901358,50087192,10,100
TRADI,500,0.5,13,51497118,50087192,20,100
TRADI,500,0.5,6,52702798,50087192,50,100
TRADI,500,0.5,4,72013038,50087192,100,100
TRADI,500,0.5,2,150260628,50087192,1000,100
RIBLT,1000,0.5,733,100655620,100371699,1,100
RIBLT,1000,0.5,245,100656525,100371699,5,100
RIBLT,1000,0.5,134,100657081,100371699,10,100
RIBLT,1000,0.5,70,100656525,100371699,20,100
RIBLT,1000,0.5,29,100657737,100371699,50,100
RIBLT,1000,0.5,15,100662786,100371699,100,100
RIBLT,1000,0.5,2,100724241,100371699,1000,100
TRADI,1000,0.5,250,100616506,100371699,1,100
TRADI,1000,0.5,84,101391870,100371699,5,100
TRADI,1000,0.5,47,103396720,100371699,10,100
TRADI,1000,0.5,25,102588268,100371699,20,100
TRADI,1000,0.5,11,104999544,100371699,50,100
TRADI,1000,0.5,6,102987214,100371699,100,100
TRADI,1000,0.5,2,301114149,100371699,1000,100
RIBLT,100,0.8,141,15931527,15891668,1,100
RIBLT,100,0.8,47,15931527,15891668,5,100
RIBLT,100,0.8,26,15931855,15891668,10,100
RIBLT,100,0.8,14,15932476,15891668,20,100
RIBLT,100,0.8,6,15933444,15891668,50,100
RIBLT,100,0.8,3,15933156,15891668,100,100
RIBLT,100,0.8,1,15974177,15891668,1000,100
TRADI,100,0.8,40,16099526,15891668,1,100
TRADI,100,0.8,14,16899574,15891668,5,100
TRADI,100,0.8,9,19714790,15891668,10,100
TRADI,100,0.8,5,18104838,15891668,20,100
TRADI,100,0.8,3,23535512,15891668,50,100
TRADI,100,0.8,2,23535336,15891668,100,100
TRADI,100,0.8,2,23535336,15891668,1000,100
RIBLT,500,0.8,568,80436361,80258396,1,100
RIBLT,500,0.8,190,80436999,80258396,5,100
RIBLT,500,0.8,104,80437460,80258396,10,100
RIBLT,500,0.8,55,80438391,80258396,20,100
RIBLT,500,0.8,23,80440145,80258396,50,100
RIBLT,500,0.8,12,80442910,80258396,100,100
RIBLT,500,0.8,2,80507244,80258396,1000,100
TRADI,500,0.8,200,80494406,80258396,1,100
TRADI,500,0.8,68,81677974,80258396,5,100
TRADI,500,0.8,38,83684174,80258396,10,100
TRADI,500,0.8,20,80462638,80258396,20,100
TRADI,500,0.8,9,84081366,80258396,50,100
TRADI,500,0.8,5,82471478,80258396,100,100
TRADI,500,0.8,2,120085440,80258396,1000,100
RIBLT,1000,0.8,1187,161069894,160705611,1,100
RIBLT,1000,0.8,396,161069964,160705611,5,100
RIBLT,1000,0.8,216,161069964,160705611,10,100
RIBLT,1000,0.8,114,161071319,160705611,20,100
RIBLT,1000,0.8,47,161071514,160705611,50,100
RIBLT,1000,0.8,24,161073777,160705611,100,100
RIBLT,1000,0.8,3,161123059,160705611,1000,100
TRADI,1000,0.8,400,160976806,160705611,1,100
TRADI,1000,0.8,134,161734522,160705611,5,100
TRADI,1000,0.8,74,162528406,160705611,10,100
TRADI,1000,0.8,39,164734797,160705611,20,100
TRADI,1000,0.8,17,167747832,160705611,50,100
TRADI,1000,0.8,9,164528296,160705611,100,100
TRADI,1000,0.8,2,240756285,160705611,1000,100
RIBLT,100,0.9,139,17940960,17902249,1,100
RIBLT,100,0.9,47,17941422,17902249,5,100
RIBLT,100,0.9,26,17941567,17902249,10,100
RIBLT,100,0.9,14,17942209,17902249,20,100
RIBLT,100,0.9,6,17942993,17902249,50,100
RIBLT,100,0.9,3,17942706,17902249,100,100
RIBLT,100,0.9,1,17982217,17902249,1000,100
TRADI,100,0.9,45,18110976,17902249,1,100
TRADI,100,0.9,16,18508074,17902249,5,100
TRADI,100,0.9,9,19713707,17902249,10,100
TRADI,100,0.9,6,21523303,17902249,20,100
TRADI,100,0.9,3,21522775,17902249,50,100
TRADI,100,0.9,2,21522599,17902249,100,100
TRADI,100,0.9,2,21522599,17902249,1000,100
RIBLT,500,0.9,698,90509868,90314449,1,100
RIBLT,500,0.9,233,90510029,90314449,5,100
RIBLT,500,0.9,127,90509994,90314449,10,100
RIBLT,500,0.9,67,90510861,90314449,20,100
RIBLT,500,0.9,28,90512403,90314449,50,100
RIBLT,500,0.9,14,90511380,90314449,100,100
RIBLT,500,0.9,2,90554628,90314449,1000,100
TRADI,500,0.9,225,90554856,90314449,1,100
TRADI,500,0.9,76,90930834,90314449,5,100
TRADI,500,0.9,42,91327140,90314449,10,100
TRADI,500,0.9,23,95748986,90314449,20,100
TRADI,500,0.9,10,94539828,90314449,50,100
TRADI,500,0.9,6,110027103,90314449,100,100
TRADI,500,0.9,2,110026399,90314449,1000,100
RIBLT,1000,0.9,1353,181210575,180830598,1,100
RIBLT,1000,0.9,451,181210575,180830598,5,100
RIBLT,1000,0.9,246,181210575,180830598,10,100
RIBLT,1000,0.9,129,181210770,180830598,20,100
RIBLT,1000,0.9,54,181213804,180830598,50,100
RIBLT,1000,0.9,27,181212404,180830598,100,100
RIBLT,1000,0.9,3,181232697,180830598,1000,100
TRADI,1000,0.9,450,181110606,180830598,1,100
TRADI,1000,0.9,151,181460186,180830598,5,100
TRADI,1000,0.9,83,182252802,180830598,10,100
TRADI,1000,0.9,44,182648230,180830598,20,100
TRADI,1000,0.9,19,188678210,180830598,50,100
TRADI,1000,0.9,10,185055998,180830598,100,100
TRADI,1000,0.9,2,220657246,180830598,1000,100
RIBLT,100,1.0,139,19950358,19914927,1,100
RIBLT,100,1.0,47,19950590,19914927,5,100
RIBLT,100,1.0,26,19950822,19914927,10,100
RIBLT,100,1.0,14,19951466,19914927,20,100
RIBLT,100,1.0,6,19952406,19914927,50,100
RIBLT,100,1.0,3,19951963,19914927,100,100
RIBLT,100,1.0,1,19989642,19914927,1000,100
TRADI,100,1.0,50,19923470,19914927,1,100
TRADI,100,1.0,18,19917831,19914927,5,100
TRADI,100,1.0,10,19916342,19914927,10,100
TRADI,100,1.0,6,19915719,19914927,20,100
TRADI,100,1.0,3,19915191,19914927,50,100
TRADI,100,1.0,2,19915015,19914927,100,100
TRADI,100,1.0,2,19915015,19914927,1000,100
RIBLT,500,1.0,716,100559139,100368349,1,100
RIBLT,500,1.0,239,100559440,100368349,5,100
RIBLT,500,1.0,131,100560137,100368349,10,100
RIBLT,500,1.0,69,100560508,100368349,20,100
RIBLT,500,1.0,29,100562650,100368349,50,100
RIBLT,500,1.0,15,100565450,100368349,100,100
RIBLT,500,1.0,2,100599245,100368349,1000,100
TRADI,500,1.0,250,100412092,100368349,1,100
TRADI,500,1.0,84,100382876,100368349,5,100
TRADI,500,1.0,47,100376357,100368349,10,100
TRADI,500,1.0,25,100372485,100368349,20,100
TRADI,500,1.0,11,100370021,100368349,50,100
TRADI,500,1.0,6,100369141,100368349,100,100
TRADI,500,1.0,2,100368437,100368349,1000,100
RIBLT,1000,1.0,1430,201318212,200942844,1,100
RIBLT,1000,1.0,477,201318282,200942844,5,100
RIBLT,1000,1.0,260,201318212,200942844,10,100
RIBLT,1000,1.0,137,201319469,200942844,20,100
RIBLT,1000,1.0,57,201321145,200942844,50,100
RIBLT,1000,1.0,29,201322823,200942844,100,100
RIBLT,1000,1.0,3,201328666,200942844,1000,100
TRADI,1000,1.0,500,201030587,200942844,1,100
TRADI,1000,1.0,168,200972148,200942844,5,100
TRADI,1000,1.0,92,200958772,200942844,10,100
TRADI,1000,1.0,49,200951204,200942844,20,100
TRADI,1000,1.0,21,200946276,200942844,50,100
TRADI,1000,1.0,11,200944516,200942844,100,100
TRADI,1000,1.0,2,200942932,200942844,1000,100
RIBLT,100,0.01,1,455,162,1,1000
RIBLT,100,0.01,1,1384,162,5,1000
RIBLT,100,0.01,1,2548,162,10,1000
RIBLT,100,0.01,1,4886,162,20,1000
RIBLT,100,0.01,1,11763,162,50,1000
RIBLT,100,0.01,1,23022,162,100,1000
RIBLT,100,0.01,1,103807,162,1000,1000
TRADI,100,0.01,1,6003420,162,1,1000
TRADI,100,0.01,1,14007980,162,5,1000
TRADI,100,0.01,1,24013680,162,10,1000
TRADI,100,0.01,1,44025080,162,20,1000
TRADI,100,0.01,1,104059280,162,50,1000
TRADI,100,0.01,1,198112767,162,100,1000
TRADI,100,0.01,1,198112767,162,1000,1000
RIBLT,500,0.01,25,8016229,8004952,1,1000
RIBLT,500,0.01,9,8017207,8004952,5,1000
RIBLT,500,0.01,5,8017453,8004952,10,1000
RIBLT,500,0.01,3,8019337,8004952,20,1000
RIBLT,500,0.01,1,8016451,8004952,50,1000
RIBLT,500,0.01,1,8027969,8004952,100,1000
RIBLT,500,0.01,1,8194070,8004952,1000,1000
TRADI,500,0.01,3,10006206,8004952,1,1000
TRADI,500,0.01,2,18010638,8004952,5,1000
TRADI,500,0.01,2,38022158,8004952,10,1000
TRADI,500,0.01,2,78045198,8004952,20,1000
TRADI,500,0.01,2,198114318,8004952,50,1000
TRADI,500,0.01,2,398229518,8004952,100,1000
TRADI,500,0.01,2,1985142868,8004952,1000,1000
RIBLT,1000,0.01,13,18016582,18010676,1,1000
RIBLT,1000,0.01,5,18017516,18010676,5,1000
RIBLT,1000,0.01,3,18018212,18010676,10,1000
RIBLT,1000,0.01,2,18020248,18010676,20,1000
RIBLT,1000,0.01,1,18022312,18010676,50,1000
RIBLT,1000,0.01,1,18033908,18010676,100,1000
RIBLT,1000,0.01,1,18232870,18010676,1000,1000
TRADI,1000,0.01,5,20012366,18010676,1,1000
TRADI,1000,0.01,3,32018814,18010676,5,1000
TRADI,1000,0.01,2,28016342,18010676,10,1000
TRADI,1000,0.01,2,68039302,18010676,20,1000
TRADI,1000,0.01,2,188108182,18010676,50,1000
TRADI,1000,0.01,2,388222982,18010676,100,1000
TRADI,1000,0.01,2,3976285134,18010694,1000,1000
RIBLT,100,0.05,7,8007968,8004932,1,1000
RIBLT,100,0.05,3,8008857,8004932,5,1000
RIBLT,100,0.05,2,8009776,8004932,10,1000
RIBLT,100,0.05,1,8009538,8004932,20,1000
RIBLT,100,0.05,1,8015915,8004932,50,1000
RIBLT,100,0.05,1,8026415,8004932,100,1000
RIBLT,100,0.05,1,8106398,8004932,1000,1000
TRADI,100,0.05,3,10006181,8004932,1,1000
TRADI,100,0.05,2,18010593,8004932,5,1000
TRADI,100,0.05,2,38022063,8004932,10,1000
TRADI,100,0.05,2,78045003,8004932,20,1000
TRADI,100,0.05,2,198113823,8004932,50,1000
TRADI,100,0.05,2,384220308,8004932,100,1000
TRADI,100,0.05,2,384220308,8004932,1000,1000
RIBLT,500,0.05,44,48047222,48027392,1,1000
RIBLT,500,0.05,15,48047621,48027392,5,1000
RIBLT,500,0.05,8,48047222,48027392,10,1000
RIBLT,500,0.05,5,48051111,48027392,20,1000
RIBLT,500,0.05,2,48050443,48027392,50,1000
RIBLT,500,0.05,1,48050200,48027392,100,1000
RIBLT,500,0.05,1,48220140,48027392,1000,1000
TRADI,500,0.05,13,50030381,48027392,1,1000
TRADI,500,0.05,5,50028973,48027392,5,1000
TRADI,500,0.05,4,86049083,48027392,10,1000
TRADI,500,0.05,3,122069193,48027392,20,1000
TRADI,500,0.05,2,158089303,48027392,50,1000
TRADI,500,0.05,2,358202003,48027392,100,1000
TRADI,500,0.05,2,1945095528,48027392,1000,1000
RIBLT,1000,0.05,65,98086640,98056351,1,1000
RIBLT,1000,0.05,22,98087117,98056351,5,1000
RIBLT,1000,0.05,12,98087117,98056351,10,1000
RIBLT,1000,0.05,7,98090590,98056351,20,1000
RIBLT,1000,0.05,3,98092033,98056351,50,1000
RIBLT,1000,0.05,2,98103215,98056351,100,1000
RIBLT,1000,0.05,1,98277858,98056351,1000,1000
TRADI,1000,0.05,25,100061556,98056351,1,1000
TRADI,1000,0.05,9,108063312,98056351,5,1000
TRADI,1000,0.05,6,124071840,98056351,10,1000
TRADI,1000,0.05,4,156089776,98056351,20,1000
TRADI,1000,0.05,2,108061992,98056351,50,1000
TRADI,1000,0.05,2,308176292,98056351,100,1000
TRADI,1000,0.05,2,3896241081,98056743,1000,1000
RIBLT,100,0.1,18,18018932,18010586,1,1000
RIBLT,100,0.1,6,18018932,18010586,5,1000
RIBLT,100,0.1,4,18020836,18010586,10,1000
RIBLT,100,0.1,2,18020332,18010586,20,1000
RIBLT,100,0.1,1,18022384,18010586,50,1000
RIBLT,100,0.1,1,18032640,18010586,100,1000
RIBLT,100,0.1,1,18111986,18010586,1000,1000
TRADI,100,0.1,5,20012266,18010586,1,1000
TRADI,100,0.1,3,32018654,18010586,5,1000
TRADI,100,0.1,2,28016202,18010586,10,1000
TRADI,100,0.1,2,68038962,18010586,20,1000
TRADI,100,0.1,2,188107242,18010586,50,1000
TRADI,100,0.1,2,374212890,18010586,100,1000
TRADI,100,0.1,2,374212890,18010586,1000,1000
RIBLT,500,0.1,87,98096574,98056498,1,1000
RIBLT,500,0.1,29,98096574,98056498,5,1000
RIBLT,500,0.1,16,98096900,98056498,10,1000
RIBLT,500,0.1,9,98099933,98056498,20,1000
RIBLT,500,0.1,4,98103304,98056498,50,1000
RIBLT,500,0.1,2,98102858,98056498,100,1000
RIBLT,500,0.1,1,98248347,98056498,1000,1000
TRADI,500,0.1,25,100061706,98056498,1,1000
TRADI,500,0.1,9,108063474,98056498,5,1000
TRADI,500,0.1,6,124072026,98056498,10,1000
TRADI,500,0.1,4,156090010,98056498,20,1000
TRADI,500,0.1,2,108062154,98056498,50,1000
TRADI,500,0.1,2,308176754,98056498,100,1000
TRADI,500,0.1,2,1895085346,98056498,1000,1000
RIBLT,1000,0.1,171,198193057,198113897,1,1000
RIBLT,1000,0.1,57,198193057,198113897,5,1000
RIBLT,1000,0.1,32,198195297,198113897,10,1000
RIBLT,1000,0.1,17,198196424,198113897,20,1000
RIBLT,1000,0.1,7,198196424,198113897,50,1000
RIBLT,1000,0.1,4,198207197,198113897,100,1000
RIBLT,1000,0.1,1,198334462,198113897,1000,1000
TRADI,1000,0.1,50,200123506,198113897,1,1000
TRADI,1000,0.1,18,212124668,198113897,5,1000
TRADI,1000,0.1,10,200116378,198113897,10,1000
TRADI,1000,0.1,6,224129438,198113897,20,1000
TRADI,1000,0.1,3,212122028,198113897,50,1000
TRADI,1000,0.1,2,208119558,198113897,100,1000
TRADI,1000,0.1,2,3796164561,198113303,1000,1000
RIBLT,100,0.2,33,38036715,38021966,1,1000
RIBLT,100,0.2,11,38036715,38021966,5,1000
RIBLT,100,0.2,6,38036715,38021966,10,1000
RIBLT,100,0.2,4,38040590,38021966,20,1000
RIBLT,100,0.2,2,38044986,38021966,50,1000
RIBLT,100,0.2,1,38044801,38021966,100,1000
RIBLT,100,0.2,1,38119938,38021966,1000,1000
TRADI,100,0.2,10,40024526,38021966,1,1000
TRADI,100,0.2,4,48028022,38021966,5,1000
TRADI,100,0.2,3,52030034,38021966,10,1000
TRADI,100,0.2,2,48027582,38021966,20,1000
TRADI,100,0.2,2,168095862,38021966,50,1000
TRADI,100,0.2,2,354201510,38021966,100,1000
TRADI,100,0.2,2,354201510,38021966,1000,1000
RIBLT,500,0.2,173,198191063,198112808,1,1000
RIBLT,500,0.2,58,198191383,198112808,5,1000
RIBLT,500,0.2,32,198192318,198112808,10,1000
RIBLT,500,0.2,17,198193529,198112808,20,1000
RIBLT,500,0.2,7,198193529,198112808,50,1000
RIBLT,500,0.2,4,198202994,198112808,100,1000
RIBLT,500,0.2,1,198300065,198112808,1000,1000
TRADI,500,0.2,50,200122406,198112808,1,1000
TRADI,500,0.2,18,212123502,198112808,5,1000
TRADI,500,0.2,10,200115278,198112808,10,1000
TRADI,500,0.2,6,224128206,198112808,20,1000
TRADI,500,0.2,3,212120862,198112808,50,1000
TRADI,500,0.2,2,208118414,198112808,100,1000
TRADI,500,0.2,2,1795019076,198112808,1000,1000
RIBLT,1000,0.2,293,398359174,398224418,1,1000
RIBLT,1000,0.2,98,398359724,398224418,5,1000
RIBLT,1000,0.2,54,398361170,398224418,10,1000
RIBLT,1000,0.2,28,398359724,398224418,20,1000
RIBLT,1000,0.2,12,398365347,398224418,50,1000
RIBLT,1000,0.2,6,398363915,398224418,100,1000
RIBLT,1000,0.2,1,398443867,398224418,1000,1000
TRADI,1000,0.2,100,400242806,398224418,1,1000
TRADI,1000,0.2,34,408235694,398224418,5,1000
TRADI,1000,0.2,19,418238684,398224418,10,1000
TRADI,1000,0.2,11,444251826,398224418,20,1000
TRADI,1000,0.2,5,420237258,398224418,50,1000
TRADI,1000,0.2,3,412232402,398224418,100,1000
TRADI,1000,0.2,2,3596028897,398225015,1000,1000
RIBLT,100,0.5,79,98086017,98056547,1,1000
RIBLT,100,0.5,27,98086801,98056547,5,1000
RIBLT,100,0.5,15,98087164,98056547,10,1000
RIBLT,100,0.5,8,98087500,98056547,20,1000
RIBLT,100,0.5,4,98092045,98056547,50,1000
RIBLT,100,0.5,2,98091975,98056547,100,1000
RIBLT,100,0.5,1,98146082,98056547,1000,1000
TRADI,100,0.5,25,100061756,98056547,1,1000
TRADI,100,0.5,9,108063528,98056547,5,1000
TRADI,100,0.5,6,124072088,98056547,10,1000
TRADI,100,0.5,4,156090088,98056547,20,1000
TRADI,100,0.5,2,108062208,98056547,50,1000
TRADI,100,0.5,2,294168693,98056547,100,1000
TRADI,100,0.5,2,294168693,98056547,1000,1000
RIBLT,500,0.5,363,498428816,498286196,1,1000
RIBLT,500,0.5,121,498428816,498286196,5,1000
RIBLT,500,0.5,66,498428816,498286196,10,1000
RIBLT,500,0.5,35,498429718,498286196,20,1000
RIBLT,500,0.5,15,498435037,498286196,50,1000
RIBLT,500,0.5,8,498441137,498286196,100,1000
RIBLT,500,0.5,1,498465280,498286196,1000,1000
TRADI,500,0.5,125,500309006,498286196,1,1000
TRADI,500,0.5,43,512301374,498286196,5,1000
TRADI,500,0.5,24,516300326,498286196,10,1000
TRADI,500,0.5,13,512296094,498286196,20,1000
TRADI,500,0.5,6,524301750,498286196,50,1000
TRADI,500,0.5,4,716411606,498286196,100,1000
TRADI,500,0.5,2,1494857640,498286196,1000,1000
RIBLT,1000,0.5,743,998858626,998571699,1,1000
RIBLT,1000,0.5,248,998858696,998571699,5,1000
RIBLT,1000,0.5,136,998859958,998571699,10,1000
RIBLT,1000,0.5,71,998859213,998571699,20,1000
RIBLT,1000,0.5,30,998864316,998571699,50,1000
RIBLT,1000,0.5,15,998862352,998571699,100,1000
RIBLT,1000,0.5,2,998925885,998571699,1000,1000
TRADI,1000,0.5,250,1000616506,998571699,1,1000
TRADI,1000,0.5,84,1008591870,998571699,5,1000
TRADI,1000,0.5,47,1028596720,998571699,10,1000
TRADI,1000,0.5,25,1020588268,998571699,20,1000
TRADI,1000,0.5,11,1044599544,998571699,50,1000
TRADI,1000,0.5,6,1024587214,998571699,100,1000
TRADI,1000,0.5,2,2995708161,998569703,1000,1000
RIBLT,100,0.8,112,158123363,158089772,1,1000
RIBLT,100,0.8,38,158123831,158089772,5,1000
RIBLT,100,0.8,21,158124278,158089772,10,1000
RIBLT,100,0.8,11,158124278,158089772,20,1000
RIBLT,100,0.8,5,158126416,158089772,50,1000
RIBLT,100,0.8,3,158130432,158089772,100,1000
RIBLT,100,0.8,1,158171115,158089772,1000,1000
TRADI,100,0.8,40,160097606,158089772,1,1000
TRADI,100,0.8,14,168097558,158089772,5,1000
TRADI,100,0.8,9,196112438,158089772,10,1000
TRADI,100,0.8,5,180102678,158089772,20,1000
TRADI,100,0.8,3,234132704,158089772,50,1000
TRADI,100,0.8,2,234132528,158089772,100,1000
TRADI,100,0.8,2,234132528,158089772,1000,1000
RIBLT,500,0.8,604,798642790,798454406,1,1000
RIBLT,500,0.8,202,798643020,798454406,5,1000
RIBLT,500,0.8,110,798642860,798454406,10,1000
RIBLT,500,0.8,58,798643408,798454406,20,1000
RIBLT,500,0.8,24,798644096,798454406,50,1000
RIBLT,500,0.8,12,798643020,798454406,100,1000
RIBLT,500,0.8,2,798702864,798454406,1000,1000
TRADI,500,0.8,200,800490406,798454406,1,1000
TRADI,500,0.8,68,812473914,798454406,5,1000
TRADI,500,0.8,38,832480014,798454406,10,1000
TRADI,500,0.8,20,800458638,798454406,20,1000
TRADI,500,0.8,9,836477186,798454406,50,1000
TRADI,500,0.8,5,820467378,798454406,100,1000
TRADI,500,0.8,2,1194679470,798454406,1000,1000
RIBLT,1000,0.8,1153,1599271969,1598915998,1,1000
RIBLT,1000,0.8,385,1599272109,1598915998,5,1000
RIBLT,1000,0.8,210,1599272109,1598915998,10,1000
RIBLT,1000,0.8,110,1599272109,1598915998,20,1000
RIBLT,1000,0.8,46,1599275813,1598915998,50,1000
RIBLT,1000,0.8,23,1599274006,1598915998,100,1000
RIBLT,1000,0.8,3,1599332005,1598915998,1000,1000
TRADI,1000,0.8,400,1600987206,1598915998,1,1000
TRADI,1000,0.8,134,1608944974,1598915998,5,1000
TRADI,1000,0.8,74,1616938910,1598915998,10,1000
TRADI,1000,0.8,39,1638945444,1598915998,20,1000
TRADI,1000,0.8,17,1668958674,1598915998,50,1000
TRADI,1000,0.8,9,1636938930,1598915998,100,1000
TRADI,1000,0.8,2,2395379028,1598920792,1000,1000
RIBLT,100,0.9,158,178144337,178102338,1,1000
RIBLT,100,0.9,53,178144407,178102338,5,1000
RIBLT,100,0.9,29,178144442,178102338,10,1000
RIBLT,100,0.9,16,178145659,178102338,20,1000
RIBLT,100,0.9,7,178146575,178102338,50,1000
RIBLT,100,0.9,4,178150699,178102338,100,1000
RIBLT,100,0.9,1,178181887,178102338,1000,1000
TRADI,100,0.9,45,180111066,178102338,1,1000
TRADI,100,0.9,16,184108166,178102338,5,1000
TRADI,100,0.9,9,196113805,178102338,10,1000
TRADI,100,0.9,6,214123410,178102338,20,1000
TRADI,100,0.9,3,214122882,178102338,50,1000
TRADI,100,0.9,2,214122706,178102338,100,1000
TRADI,100,0.9,2,214122706,178102338,1000,1000
RIBLT,500,0.9,662,898694612,898509510,1,1000
RIBLT,500,0.9,221,898694863,898509510,5,1000
RIBLT,500,0.9,121,898695129,898509510,10,1000
RIBLT,500,0.9,64,898696369,898509510,20,1000
RIBLT,500,0.9,26,898694863,898509510,50,1000
RIBLT,500,0.9,14,898701922,898509510,100,1000
RIBLT,500,0.9,2,898745247,898509510,1000,1000
TRADI,500,0.9,225,900549906,898509510,1,1000
TRADI,500,0.9,76,904525862,898509510,5,1000
TRADI,500,0.9,42,908522146,898509510,10,1000
TRADI,500,0.9,23,952543750,898509510,20,1000
TRADI,500,0.9,10,940534658,898509510,50,1000
TRADI,500,0.9,6,1094621086,898509510,100,1000
TRADI,500,0.9,2,1094620382,898509510,1000,1000
RIBLT,1000,0.9,1383,1799419884,1799040487,1,1000
RIBLT,1000,0.9,461,1799419884,1799040487,5,1000
RIBLT,1000,0.9,252,1799420367,1799040487,10,1000
RIBLT,1000,0.9,132,1799420367,1799040487,20,1000
RIBLT,1000,0.9,55,1799422960,1799040487,50,1000
RIBLT,1000,0.9,28,1799424700,1799040487,100,1000
RIBLT,1000,0.9,3,1799438566,1799040487,1000,1000
TRADI,1000,0.9,450,1801120506,1799040487,1,1000
TRADI,1000,0.9,151,1805070108,1799040487,5,1000
TRADI,1000,0.9,83,1813062768,1799040487,10,1000
TRADI,1000,0.9,44,1817058218,1799040487,20,1000
TRADI,1000,0.9,19,1877088528,1799040487,50,1000
TRADI,1000,0.9,10,1841066118,1799040487,100,1000
TRADI,1000,0.9,2,2195250664,1799025204,1000,1000
RIBLT,100,1.0,164,198153749,198112650,1,1000
RIBLT,100,1.0,55,198153911,198112650,5,1000
RIBLT,100,1.0,30,198153911,198112650,10,1000
RIBLT,100,1.0,16,198154213,198112650,20,1000
RIBLT,100,1.0,7,198156026,198112650,50,1000
RIBLT,100,1.0,4,198158903,198112650,100,1000
RIBLT,100,1.0,1,198189629,198112650,1000,1000
TRADI,100,1.0,50,198121193,198112650,1,1000
TRADI,100,1.0,18,198115554,198112650,5,1000
TRADI,100,1.0,10,198114065,198112650,10,1000
TRADI,100,1.0,6,198113442,198112650,20,1000
TRADI,100,1.0,3,198112914,198112650,50,1000
TRADI,100,1.0,2,198112738,198112650,100,1000
TRADI,100,1.0,2,198112738,198112650,1000,1000
RIBLT,500,1.0,762,998764335,998573339,1,1000
RIBLT,500,1.0,254,998764335,998573339,5,1000
RIBLT,500,1.0,139,998764786,998573339,10,1000
RIBLT,500,1.0,73,998765017,998573339,20,1000
RIBLT,500,1.0,30,998764821,998573339,50,1000
RIBLT,500,1.0,16,998770668,998573339,100,1000
RIBLT,500,1.0,2,998795756,998573339,1000,1000
TRADI,500,1.0,250,998617082,998573339,1,1000
TRADI,500,1.0,84,998587866,998573339,5,1000
TRADI,500,1.0,47,998581347,998573339,10,1000
TRADI,500,1.0,25,998577475,998573339,20,1000
TRADI,500,1.0,11,998575011,998573339,50,1000
TRADI,500,1.0,6,998574131,998573339,100,1000
TRADI,500,1.0,2,998573427,998573339,1000,1000
RIBLT,1000,1.0,1500,1999520000,1999136850,1,1000
RIBLT,1000,1.0,500,1999520000,1999136850,5,1000
RIBLT,1000,1.0,273,1999520195,1999136850,10,1000
RIBLT,1000,1.0,143,1999520195,1999136850,20,1000
RIBLT,1000,1.0,59,1999520587,1999136850,50,1000
RIBLT,1000,1.0,30,1999521833,1999136850,100,1000
RIBLT,1000,1.0,3,1999520195,1999136850,1000,1000
TRADI,1000,1.0,500,1999224593,1999136850,1,1000
TRADI,1000,1.0,168,1999166154,1999136850,5,1000
TRADI,1000,1.0,92,1999152778,1999136850,10,1000
TRADI,1000,1.0,49,1999145210,1999136850,20,1000
TRADI,1000,1.0,21,1999140282,1999136850,50,1000
TRADI,1000,1.0,11,1999138522,1999136850,100,1000
TRADI,1000,1.0,2,1999136938,1999136850,1000,1000
