name;op;args;send-time;receive-time;latency;unit
client_1;put;key4 value4;1155455598530;1155455729094;130563.595;µs
client_1;put;key3 value3;1155455729878;1155455860181;130303.321;µs
client_1;get;key6;1155455860425;1155455990687;130262.715;µs
client_1;put;key2 value2;1155455990947;1155456121396;130449.196;µs
client_1;put;key5 value5;1155456121650;1155456251918;130268.706;µs
client_1;get;key4;1155456252182;1155456382473;130290.808;µs
client_1;get;key4;1155456382682;1155456513522;130839.394;µs
client_1;get;key7;1155456513745;1155456644366;130620.219;µs
client_1;put;key6 value6;1155456644642;1155456775148;130506.064;µs
client_1;put;key3 value3;1155456775439;1155456905516;130076.643;µs
client_1;put;key2 value2;1155456905791;1155457035949;130158.238;µs
client_1;get;key6;1155457036251;1155457166686;130434.619;µs
client_1;get;key7;1155457166898;1155457297366;130467.26;µs
client_1;put;key7 value7;1155457297581;1155457427988;130406.545;µs
client_1;put;key5 value5;1155457428209;1155457558624;130415.514;µs
client_1;put;key6 value6;1155457558848;1155457697567;138719.598;µs
client_1;put;key9 value9;1155457697766;1155457828101;130335.241;µs
client_1;put;key4 value4;1155457828303;1155457958852;130549.046;µs
client_1;put;key5 value5;1155457959070;1155458089059;129988.727;µs
client_1;put;key5 value5;1155458089268;1155458222410;133141.951;µs
client_1;put;key5 value5;1155458222613;1155458352670;130056.775;µs
client_1;get;key5;1155458352868;1155458483217;130348.997;µs
client_1;put;key2 value2;1155458483412;1155458614056;130643.945;µs
client_1;get;key6;1155458614262;1155458744672;130409.853;µs
client_1;put;key9 value9;1155458744881;1155458875157;130276.57;µs
client_1;get;key5;1155458875362;1155459005626;130264.037;µs
client_1;put;key6 value6;1155459005829;1155459136064;130235.544;µs
client_1;put;key1 value1;1155459136270;1155459266676;130406.566;µs
client_1;get;key1;1155459266875;1155459396961;130085.96;µs
client_1;get;key1;1155459397299;1155459527340;130040.766;µs
client_1;put;key5 value5;1155459527542;1155459657723;130180.489;µs
client_1;get;key7;1155459657938;1155459788386;130448.253;µs
client_1;put;key3 value3;1155459788599;1155459918939;130339.379;µs
client_1;get;key5;1155459919148;1155460049335;130186.751;µs
client_1;get;key3;1155460049540;1155460179516;129975.894;µs
client_1;get;key5;1155460179725;1155460309748;130022.803;µs
client_1;put;key4 value4;1155460309942;1155460439936;129994.779;µs
client_1;get;key10;1155460440184;1155460570477;130293.522;µs
client_1;get;key8;1155460570691;1155460700770;130078.576;µs
client_1;get;key4;1155460700961;1155460831201;130239.572;µs
client_1;put;key8 value8;1155460831410;1155460961745;130335.533;µs
client_1;put;key6 value6;1155460961954;1155461095925;133970.744;µs
client_1;put;key2 value2;1155461096151;1155461229614;133462.965;µs
client_1;put;key6 value6;1155461229821;1155461359963;130142.261;µs
client_1;put;key6 value6;1155461360184;1155461490237;130052.616;µs
client_1;get;key3;1155461490500;1155461620791;130291.34;µs
client_1;get;key3;1155461621026;1155461751563;130536.51;µs
client_1;put;key8 value8;1155461751775;1155461882204;130428.528;µs
client_1;put;key6 value6;1155461882415;1155462012665;130249.299;µs
client_1;get;key7;1155462012873;1155462143439;130565.827;µs
client_1;get;key3;1155462143630;1155462274356;130726.379;µs
client_1;get;key5;1155462274553;1155462404930;130376.93;µs
client_1;get;key5;1155462405141;1155462535509;130367.583;µs
client_1;put;key6 value6;1155462535698;1155462666299;130601.604;µs
client_1;get;key1;1155462666488;1155462796681;130192.975;µs
client_1;put;key8 value8;1155462796868;1155462927059;130191.198;µs
client_1;get;key3;1155462927252;1155463057846;130593.651;µs
client_1;put;key5 value5;1155463058060;1155463188362;130302.269;µs
client_1;get;key6;1155463188552;1155463318825;130273.345;µs
client_1;put;key6 value6;1155463319035;1155463449435;130400.075;µs
client_1;put;key6 value6;1155463449629;1155463582320;132690.626;µs
client_1;get;key5;1155463582508;1155463712493;129984.85;µs
client_1;put;key4 value4;1155463712679;1155463842933;130253.999;µs
client_1;put;key1 value1;1155463843142;1155463973090;129947.93;µs
client_1;put;key3 value3;1155463973285;1155464103498;130212.68;µs
client_1;put;key2 value2;1155464103698;1155464234085;130387.331;µs
client_1;get;key4;1155464234274;1155464364461;130186.931;µs
client_1;put;key9 value9;1155464364667;1155464495166;130499.302;µs
client_1;get;key6;1155464495365;1155464625884;130519.63;µs
client_1;get;key7;1155464626103;1155464756513;130410.654;µs
client_1;put;key3 value3;1155464756735;1155464887365;130629.447;µs
client_1;get;key5;1155464887571;1155465018250;130678.74;µs
client_1;get;key3;1155465018452;1155465149142;130690.09;µs
client_1;get;key1;1155465149339;1155465279402;130063.468;µs
client_1;put;key9 value9;1155465279615;1155465409862;130246.273;µs
client_1;put;key2 value2;1155465410082;1155465540360;130278.285;µs
client_1;put;key6 value6;1155465540568;1155465670641;130072.836;µs
client_1;get;key7;1155465670883;1155465801394;130510.653;µs
client_1;get;key3;1155465801618;1155465931853;130234.711;µs
client_1;get;key3;1155465932046;1155466062417;130371.269;µs
client_1;put;key3 value3;1155466062620;1155466193242;130622.485;µs
client_1;put;key5 value5;1155466193443;1155466323811;130368.825;µs
client_1;put;key2 value2;1155466324026;1155466454514;130487.868;µs
client_1;put;key4 value4;1155466454712;1155466585087;130374.326;µs
client_1;put;key8 value8;1155466585283;1155466715439;130156.483;µs
client_1;put;key3 value3;1155466715637;1155466846042;130405.294;µs
client_1;put;key3 value3;1155466846240;1155466976564;130323.188;µs
client_1;get;key1;1155466976757;1155467108063;131306.326;µs
client_1;put;key8 value8;1155467108256;1155467238449;130193.633;µs
client_1;get;key7;1155467238658;1155467368865;130207.159;µs
client_1;put;key9 value9;1155467369109;1155467499266;130156.694;µs
client_1;put;key7 value7;1155467499486;1155467629673;130186.901;µs
client_1;get;key2;1155467629914;1155467760422;130508.307;µs
client_1;get;key4;1155467760649;1155467891018;130369.406;µs
client_1;put;key6 value6;1155467891204;1155468021604;130399.593;µs
client_1;put;key7 value7;1155468021794;1155468152222;130427.996;µs
client_1;get;key8;1155468152465;1155468282387;129921.911;µs
client_1;put;key5 value5;1155468282621;1155468412846;130224.55;µs
client_1;put;key3 value3;1155468413029;1155468543346;130316.759;µs
client_1;get;key8;1155468543506;1155468674124;130618.416;µs
client_1;put;key1 value1;1155468674296;1155468804954;130657.56;µs
client_1;get;key4;1155468805140;1155468935543;130403.38;µs
client_1;get;key4;1155468935716;1155469066100;130384.154;µs
client_1;get;key10;1155469066255;1155469196183;129928.003;µs
client_1;get;key2;1155469196358;1155469326813;130455.658;µs
client_1;put;key9 value9;1155469326973;1155469457187;130214.183;µs
client_1;put;key5 value5;1155469457350;1155469587390;130040.183;µs
client_1;put;key1 value1;1155469587549;1155469718017;130468.413;µs
client_1;put;key10 value10;1155469718188;1155469848733;130545.127;µs
client_1;put;key9 value9;1155469848933;1155469979608;130674.853;µs
client_1;get;key5;1155469979865;1155470110636;130770.482;µs
client_1;get;key7;1155470110846;1155470241191;130345.602;µs
client_1;put;key8 value8;1155470241355;1155470371894;130539.035;µs
client_1;get;key4;1155470372063;1155470502657;130594.232;µs
client_1;put;key7 value7;1155470502802;1155470633459;130656.979;µs
client_1;get;key5;1155470633608;1155470764145;130537.082;µs
client_1;put;key2 value2;1155470764305;1155470894707;130402.207;µs
client_1;get;key5;1155470894859;1155471024743;129884.913;µs
client_1;put;key2 value2;1155471024896;1155471155324;130428.467;µs
client_1;put;key7 value7;1155471155481;1155471285920;130439.006;µs
client_1;get;key9;1155471286095;1155471417112;131016.948;µs
client_1;put;key2 value2;1155471417263;1155471547478;130215.075;µs
client_1;get;key2;1155471547640;1155471677806;130165.832;µs
client_1;put;key4 value4;1155471677961;1155471808791;130830.156;µs
client_1;get;key2;1155471808935;1155471939088;130152.616;µs
client_1;get;key9;1155471939234;1155472072998;133764.234;µs
client_1;get;key8;1155472073192;1155472203605;130413.388;µs
client_1;get;key3;1155472203758;1155472333697;129938.472;µs
client_1;put;key1 value1;1155472333844;1155472463962;130118.211;µs
client_1;get;key2;1155472464233;1155472594631;130398.49;µs
client_1;get;key7;1155472594770;1155472724955;130184.979;µs
client_1;put;key2 value2;1155472725113;1155472855451;130338.537;µs
client_1;get;key10;1155472855601;1155472986135;130533.856;µs
client_1;get;key6;1155472986277;1155473116626;130349.095;µs
client_1;get;key5;1155473116778;1155473247509;130730.599;µs
client_1;put;key8 value8;1155473247663;1155473377870;130207.268;µs
client_1;put;key7 value7;1155473378051;1155473508351;130299.545;µs
client_1;put;key8 value8;1155473508511;1155473638746;130234.961;µs
client_1;get;key2;1155473638908;1155473769537;130628.885;µs
client_1;get;key6;1155473769689;1155473900425;130735.867;µs
client_1;put;key7 value7;1155473900587;1155474031209;130621.271;µs
client_1;get;key3;1155474031371;1155474162091;130719.747;µs
client_1;put;key10 value10;1155474162248;1155474292838;130590.124;µs
client_1;put;key8 value8;1155474293018;1155474423713;130695.552;µs
client_1;put;key1 value1;1155474423865;1155474554121;130255.97;µs
client_1;put;key8 value8;1155474554270;1155474684683;130413.709;µs
client_1;get;key3;1155474684837;1155474815481;130643.995;µs
client_1;put;key9 value9;1155474815625;1155474945762;130137.548;µs
client_1;put;key7 value7;1155474945914;1155475076337;130423.458;µs
client_1;get;key8;1155475076490;1155475207122;130632.602;µs
client_1;put;key6 value6;1155475207265;1155475337304;130038.491;µs
client_1;put;key7 value7;1155475337457;1155475468392;130935.534;µs
client_1;put;key1 value1;1155475468545;1155475598755;130210.315;µs
client_1;put;key9 value9;1155475598925;1155475729173;130247.816;µs
client_1;put;key5 value5;1155475729339;1155475859683;130344.218;µs
client_1;get;key8;1155475859835;1155475990310;130474.834;µs
client_1;get;key5;1155475990454;1155476121082;130628.044;µs
client_1;put;key8 value8;1155476121228;1155476251513;130284.987;µs
client_1;get;key2;1155476251698;1155476385821;134122.42;µs
client_1;put;key8 value8;1155476385967;1155476516234;130266.31;µs
client_1;put;key2 value2;1155476516383;1155476646693;130309.363;µs
client_1;put;key7 value7;1155476646843;1155476777382;130539.074;µs
client_1;put;key2 value2;1155476777533;1155476908417;130884.237;µs
client_1;get;key9;1155476908568;1155477038654;130086.122;µs
client_1;put;key2 value2;1155477038807;1155477169261;130453.304;µs
client_1;get;key4;1155477169410;1155477299867;130456.4;µs
client_1;put;key5 value5;1155477300039;1155477430450;130411.666;µs
client_1;get;key4;1155477430598;1155477560635;130036.378;µs
client_1;put;key7 value7;1155477560782;1155477691269;130486.767;µs
client_1;get;key3;1155477691419;1155477822184;130765.181;µs
client_1;put;key4 value4;1155477822328;1155477952608;130279.476;µs
client_1;put;key8 value8;1155477952763;1155478083359;130595.894;µs
client_1;put;key9 value9;1155478083510;1155478213660;130149.511;µs
client_1;put;key1 value1;1155478213867;1155478343959;130092.262;µs
client_1;put;key7 value7;1155478344214;1155478474382;130167.976;µs
client_1;put;key7 value7;1155478474500;1155478604567;130067.286;µs
client_1;get;key4;1155478604685;1155478735262;130577.588;µs
client_1;put;key2 value2;1155478735379;1155478866108;130728.843;µs
client_1;put;key1 value1;1155478866231;1155478996838;130606.655;µs
client_1;get;key9;1155478996955;1155479128166;131211.404;µs
client_1;put;key2 value2;1155479128281;1155479258499;130218.521;µs
client_1;get;key10;1155479258618;1155479389462;130844.282;µs
client_1;get;key7;1155479389577;1155479520391;130814.504;µs
client_1;put;key3 value3;1155479520504;1155479651025;130521.874;µs
client_1;get;key10;1155479651215;1155479781699;130483.702;µs
client_1;put;key9 value9;1155479781824;1155479911723;129899.579;µs
client_1;put;key9 value9;1155479911853;1155480042663;130809.276;µs
client_1;put;key7 value7;1155480042793;1155480173449;130656.317;µs
client_1;put;key10 value10;1155480173579;1155480304161;130581.316;µs
client_1;get;key1;1155480304294;1155480434680;130385.706;µs
client_1;put;key9 value9;1155480434806;1155480565023;130217.068;µs
client_1;put;key7 value7;1155480565153;1155480695243;130089.918;µs
client_1;put;key10 value10;1155480695373;1155480826306;130932.569;µs
client_1;put;key1 value1;1155480826437;1155480956600;130162.965;µs
client_1;get;key1;1155480956724;1155481087153;130428.668;µs
client_1;put;key6 value6;1155481087280;1155481217692;130411.482;µs
client_1;get;key4;1155481217820;1155481349665;131845.503;µs
client_1;put;key5 value5;1155481349791;1155481480023;130231.195;µs
client_1;put;key2 value2;1155481480192;1155481610517;130325.011;µs
client_1;put;key10 value10;1155481610649;1155481741033;130384.023;µs
client_1;put;key8 value8;1155481741163;1155481872386;131223.928;µs
client_1;put;key7 value7;1155481872522;1155482002638;130116.538;µs
client_1;put;key9 value9;1155482002771;1155482132904;130133.51;µs
client_1;get;key8;1155482133048;1155482263098;130049.261;µs
client_1;get;key2;1155482263221;1155482393553;130332.595;µs
client_1;get;key9;1155482393676;1155482524182;130506.043;µs
client_1;get;key3;1155482524306;1155482654736;130429.21;µs
client_1;get;key2;1155482654858;1155482785417;130559.763;µs
client_1;put;key8 value8;1155482785543;1155482915860;130316.246;µs
client_1;put;key5 value5;1155482915989;1155483046226;130237.236;µs
client_1;put;key4 value4;1155483046361;1155483176141;129779.663;µs
client_1;get;key4;1155483176267;1155483306522;130255.55;µs
client_1;put;key3 value3;1155483306649;1155483437745;131095.537;µs
client_1;get;key9;1155483437876;1155483568292;130415.863;µs
client_1;get;key3;1155483568413;1155483699227;130813.725;µs
client_1;put;key5 value5;1155483699353;1155483830295;130941.565;µs
client_1;put;key6 value6;1155483830425;1155483960930;130504.961;µs
client_1;get;key1;1155483961075;1155484091395;130319.841;µs
client_1;put;key1 value1;1155484091522;1155484221954;130431.801;µs
client_1;put;key9 value9;1155484222106;1155484352326;130219.724;µs
client_1;put;key3 value3;1155484352456;1155484483093;130637.342;µs
client_1;get;key2;1155484483209;1155484613747;130537.643;µs
client_1;get;key8;1155484613862;1155484744293;130430.851;µs
client_1;get;key8;1155484744408;1155484874327;129918.955;µs
client_1;put;key9 value9;1155484874441;1155485004854;130412.978;µs
client_1;put;key2 value2;1155485004977;1155485135237;130259.435;µs
client_1;put;key3 value3;1155485135359;1155485265684;130324.782;µs
client_1;put;key4 value4;1155485265802;1155485396087;130285.295;µs
client_1;put;key9 value9;1155485396209;1155485526546;130336.904;µs
client_1;get;key1;1155485526665;1155485656757;130091.933;µs
client_1;get;key6;1155485656872;1155485791160;134288.202;µs
client_1;get;key7;1155485791273;1155485921647;130374.125;µs
client_1;get;key2;1155485921762;1155486055172;133410.125;µs
client_1;get;key1;1155486055289;1155486191176;135887.641;µs
client_1;get;key3;1155486191288;1155486321361;130072.063;µs
client_1;put;key8 value8;1155486321479;1155486452123;130644.104;µs
client_1;get;key9;1155486452242;1155486582786;130544.306;µs
client_1;put;key4 value4;1155486582922;1155486713734;130811.721;µs
client_1;put;key2 value2;1155486713879;1155486844026;130146.313;µs
client_1;put;key4 value4;1155486844201;1155486974376;130174.998;µs
client_1;put;key2 value2;1155486974533;1155487104568;130035.485;µs
client_1;put;key8 value8;1155487104680;1155487235089;130409.11;µs
client_1;put;key9 value9;1155487235205;1155487365417;130212.249;µs
client_1;put;key3 value3;1155487365529;1155487495601;130071.854;µs
client_1;put;key2 value2;1155487495723;1155487626106;130383.632;µs
client_1;get;key8;1155487626221;1155487756417;130196.107;µs
client_1;put;key3 value3;1155487756523;1155487886964;130441.141;µs
client_1;put;key2 value2;1155487887094;1155488017555;130460.868;µs
client_1;get;key7;1155488017666;1155488148142;130476.669;µs
client_1;put;key3 value3;1155488148252;1155488278983;130731.658;µs
client_1;get;key6;1155488279134;1155488409609;130474.664;µs
client_1;get;key4;1155488409714;1155488540255;130541.32;µs
client_1;get;key5;1155488540362;1155488670974;130611.903;µs
client_1;put;key6 value6;1155488671102;1155488801689;130587.015;µs
client_1;get;key7;1155488801803;1155488932138;130335.02;µs
client_1;put;key9 value9;1155488932262;1155489062674;130412.446;µs
client_1;put;key7 value7;1155489062797;1155489192844;130047.599;µs
client_1;get;key6;1155489192968;1155489322962;129993.555;µs
client_1;get;key8;1155489323089;1155489453441;130351.611;µs
client_1;put;key7 value7;1155489453544;1155489583722;130178.165;µs
client_1;get;key10;1155489583821;1155489714165;130343.766;µs
client_1;put;key7 value7;1155489714266;1155489844870;130604.488;µs
client_1;get;key1;1155489844974;1155489975571;130596.936;µs
client_1;put;key9 value9;1155489975668;1155490109120;133452.235;µs
client_1;get;key3;1155490109213;1155490239876;130663.269;µs
client_1;get;key6;1155490239980;1155490370390;130410.103;µs
client_1;get;key7;1155490370485;1155490500671;130185.83;µs
client_1;put;key6 value6;1155490500781;1155490631406;130624.887;µs
client_1;put;key9 value9;1155490631525;1155490763724;132198.789;µs
client_1;put;key2 value2;1155490763828;1155490894426;130597.787;µs
client_1;put;key3 value3;1155490894531;1155491024927;130395.875;µs
client_1;put;key10 value10;1155491025079;1155491155341;130261.681;µs
client_1;get;key3;1155491155443;1155491286097;130653.921;µs
client_1;get;key5;1155491286197;1155491416343;130145.735;µs
client_1;get;key2;1155491416441;1155491550074;133632.984;µs
client_1;put;key9 value9;1155491550170;1155491680089;129918.724;µs
client_1;get;key7;1155491680188;1155491810704;130516.223;µs
client_1;get;key7;1155491810798;1155491941308;130509.701;µs
client_1;put;key5 value5;1155491941408;1155492071957;130548.824;µs
client_1;get;key10;1155492072117;1155492202440;130322.775;µs
client_1;put;key2 value2;1155492202536;1155492333120;130583.259;µs
client_1;get;key8;1155492333221;1155492463472;130251.102;µs
client_1;put;key7 value7;1155492463575;1155492593858;130282.53;µs
client_1;get;key9;1155492593956;1155492724170;130213.66;µs
client_1;get;key4;1155492724268;1155492854594;130325.954;µs
client_1;put;key4 value4;1155492854691;1155492984800;130109.795;µs
client_1;put;key6 value6;1155492984901;1155493116629;131728.16;µs
client_1;get;key9;1155493116731;1155493247020;130289.444;µs
client_1;put;key7 value7;1155493247118;1155493378427;131309.671;µs
client_1;get;key10;1155493378527;1155493508567;130039.282;µs
client_1;put;key7 value7;1155493508663;1155493639326;130662.348;µs
client_1;get;key6;1155493639428;1155493769986;130557.6;µs
client_1;get;key1;1155493770095;1155493900853;130757.608;µs
client_1;get;key8;1155493900966;1155494031414;130448.083;µs
client_1;get;key5;1155494031530;1155494162101;130570.886;µs
client_1;get;key5;1155494162217;1155494292541;130323.658;µs
client_1;put;key3 value3;1155494292637;1155494423386;130748.71;µs
client_1;get;key4;1155494423487;1155494553945;130458.585;µs
client_1;put;key6 value6;1155494554059;1155494684452;130392.659;µs
client_1;put;key9 value9;1155494684555;1155494815338;130783.586;µs
client_1;put;key2 value2;1155494815444;1155494946082;130638.593;µs
client_1;get;key4;1155494946191;1155495076684;130493.619;µs
client_1;get;key2;1155495076778;1155495207305;130526.913;µs
client_1;get;key9;1155495207400;1155495337375;129974.989;µs
client_1;get;key7;1155495337469;1155495468092;130623.695;µs
client_1;put;key6 value6;1155495468189;1155495598502;130312.897;µs
client_1;get;key9;1155495598600;1155495729356;130755.986;µs
client_1;get;key4;1155495729453;1155495860132;130679.41;µs
client_1;put;key2 value2;1155495860228;1155495991892;131663.798;µs
client_1;put;key8 value8;1155495991994;1155496122590;130595.211;µs
client_1;get;key5;1155496122692;1155496253173;130481.167;µs
client_1;put;key3 value3;1155496253269;1155496383488;130218.679;µs
client_1;put;key6 value6;1155496383588;1155496514154;130566.396;µs
client_1;get;key8;1155496514256;1155496644959;130703.167;µs
client_1;put;key9 value9;1155496645076;1155496775307;130230.973;µs
client_1;get;key7;1155496775407;1155496905834;130426.573;µs
client_1;get;key3;1155496905925;1155497036420;130495.072;µs
client_1;put;key2 value2;1155497036519;1155497167323;130803.825;µs
client_1;put;key4 value4;1155497167429;1155497297498;130069.889;µs
client_1;get;key8;1155497297600;1155497428073;130472.811;µs
client_1;put;key5 value5;1155497428171;1155497558534;130362.501;µs
client_1;put;key7 value7;1155497558637;1155497688788;130151.935;µs
client_1;put;key10 value10;1155497688891;1155497819822;130931.074;µs
client_1;get;key3;1155497819924;1155497950389;130464.787;µs
client_1;get;key3;1155497950486;1155498081312;130825.947;µs
client_1;put;key5 value5;1155498081410;1155498212063;130653.371;µs
client_1;get;key8;1155498212164;1155498342888;130724.075;µs
client_1;get;key7;1155498342986;1155498473071;130084.849;µs
client_1;get;key4;1155498473162;1155498603441;130279.324;µs
client_1;put;key3 value3;1155498603536;1155498733803;130267.923;µs
client_1;put;key8 value8;1155498733904;1155498864567;130662.728;µs
client_1;get;key9;1155498864667;1155498995261;130594.659;µs
client_1;put;key10 value10;1155498995357;1155499125377;130020.397;µs
client_1;get;key5;1155499125490;1155499255624;130134.41;µs
client_1;put;key9 value9;1155499255739;1155499385889;130150.362;µs
client_1;get;key3;1155499385987;1155499516549;130561.709;µs
client_1;get;key3;1155499516640;1155499649022;132382.154;µs
client_1;get;key6;1155499649117;1155499779269;130151.723;µs
client_1;put;key6 value6;1155499779363;1155499909526;130163.077;µs
client_1;get;key2;1155499909630;1155500040303;130672.486;µs
client_1;get;key2;1155500040395;1155500170927;130531.17;µs
client_1;put;key10 value10;1155500171037;1155500301506;130468.713;µs
client_1;get;key2;1155500301604;1155500431660;130055.373;µs
client_1;get;key6;1155500431752;1155500562305;130553.321;µs
client_1;get;key4;1155500562400;1155500692867;130467.049;µs
client_1;get;key8;1155500692959;1155500823499;130539.567;µs
client_1;put;key8 value8;1155500823594;1155500954227;130632.551;µs
client_1;get;key3;1155500954329;1155501084743;130414.478;µs
client_1;get;key5;1155501084837;1155501215024;130186.652;µs
client_1;get;key8;1155501215119;1155501345488;130369.785;µs
client_1;put;key7 value7;1155501345585;1155501475963;130377.84;µs
client_1;put;key5 value5;1155501476082;1155501606263;130180.95;µs
client_1;put;key8 value8;1155501606361;1155501736357;129995.389;µs
client_1;put;key6 value6;1155501736461;1155501866594;130132.969;µs
client_1;put;key6 value6;1155501866702;1155501996859;130157.725;µs
client_1;get;key9;1155501996961;1155502127501;130540.026;µs
client_1;get;key6;1155502127598;1155502257680;130082.313;µs
client_1;get;key5;1155502257776;1155502388149;130372.891;µs
client_1;get;key1;1155502388241;1155502518255;130014.715;µs
client_1;get;key7;1155502518354;1155502648512;130157.356;µs
client_1;get;key9;1155502648608;1155502779117;130509.007;µs
client_1;put;key9 value9;1155502779216;1155502909987;130770.381;µs
client_1;put;key8 value8;1155502910141;1155503040719;130578.36;µs
client_1;put;key4 value4;1155503040824;1155503171593;130768.318;µs
client_1;get;key10;1155503171693;1155503302095;130401.755;µs
client_1;put;key9 value9;1155503302189;1155503432726;130536.62;µs
client_1;put;key8 value8;1155503432830;1155503562929;130099.865;µs
client_1;put;key9 value9;1155503563156;1155503693613;130456.81;µs
client_1;put;key7 value7;1155503693810;1155503823964;130153.948;µs
client_1;get;key2;1155503824109;1155503954543;130434.078;µs
client_1;put;key9 value9;1155503954673;1155504085339;130665.943;µs
client_1;put;key2 value2;1155504085411;1155504215788;130376.258;µs
client_1;get;key6;1155504215857;1155504346304;130446.781;µs
client_1;put;key1 value1;1155504346364;1155504477090;130726.609;µs
client_1;get;key5;1155504477160;1155504607527;130367.331;µs
client_1;get;key3;1155504607584;1155504737935;130350.898;µs
client_1;put;key6 value6;1155504737997;1155504868547;130549.365;µs
client_1;put;key1 value1;1155504868621;1155504998654;130032.359;µs
client_1;get;key9;1155504998719;1155505129217;130497.767;µs
client_1;put;key1 value1;1155505129277;1155505259784;130507.445;µs
client_1;put;key2 value2;1155505259856;1155505390683;130826.747;µs
client_1;put;key9 value9;1155505390755;1155505521425;130670.504;µs
client_1;get;key2;1155505521495;1155505652254;130758.43;µs
client_1;put;key3 value3;1155505652314;1155505783042;130728.5;µs
client_1;put;key8 value8;1155505783114;1155505913798;130683.508;µs
client_1;get;key3;1155505913869;1155506047876;134006.92;µs
client_1;put;key1 value1;1155506047936;1155506178359;130423.427;µs
client_1;put;key5 value5;1155506178433;1155506308276;129843.773;µs
client_1;get;key9;1155506308346;1155506438938;130592.034;µs
client_1;get;key7;1155506438997;1155506569418;130420.963;µs
client_1;get;key4;1155506569476;1155506699458;129981.902;µs
client_1;put;key5 value5;1155506699518;1155506829566;130047.909;µs
client_1;get;key7;1155506829634;1155506960152;130517.284;µs
client_1;put;key7 value7;1155506960214;1155507090617;130403.068;µs
client_1;get;key6;1155507090688;1155507220807;130119.071;µs
client_1;get;key7;1155507220864;1155507350831;129966.564;µs
client_1;put;key4 value4;1155507350895;1155507481303;130407.779;µs
client_1;get;key4;1155507481372;1155507611624;130251.722;µs
client_1;put;key3 value3;1155507611688;1155507741869;130181.399;µs
client_1;get;key5;1155507741941;1155507872660;130718.404;µs
client_1;get;key2;1155507872720;1155508003540;130820.336;µs
client_1;put;key4 value4;1155508003600;1155508134894;131294.241;µs
client_1;put;key6 value6;1155508134966;1155508265025;130059.289;µs
client_1;get;key6;1155508265097;1155508395496;130399.491;µs
client_1;get;key9;1155508395556;1155508525943;130386.587;µs
client_1;get;key3;1155508526017;1155508656303;130286.347;µs
client_1;get;key5;1155508656363;1155508786953;130589.822;µs
client_1;get;key8;1155508787026;1155508917346;130319.772;µs
client_1;get;key8;1155508917404;1155509048388;130983.222;µs
client_1;put;key7 value7;1155509048448;1155509178666;130217.831;µs
client_1;get;key10;1155509178741;1155509309346;130605.067;µs
client_1;get;key3;1155509309408;1155509439536;130127.999;µs
client_1;get;key9;1155509439594;1155509569860;130266.16;µs
client_1;put;key1 value1;1155509569920;1155509700031;130111.118;µs
client_1;get;key9;1155509700102;1155509830154;130051.965;µs
client_1;get;key7;1155509830210;1155509960559;130348.133;µs
client_1;get;key2;1155509960617;1155510090973;130356.301;µs
client_1;get;key3;1155510091049;1155510221204;130155.04;µs
client_1;put;key8 value8;1155510221275;1155510351373;130098.073;µs
client_1;get;key1;1155510351445;1155510481371;129925.877;µs
client_1;put;key8 value8;1155510481430;1155510611568;130137.897;µs
client_1;get;key9;1155510611638;1155510742340;130702.323;µs
client_1;put;key7 value7;1155510742400;1155510872899;130498.989;µs
client_1;get;key3;1155510872971;1155511003828;130856.915;µs
client_1;put;key2 value2;1155511003889;1155511133986;130097.933;µs
client_1;put;key4 value4;1155511134071;1155511264726;130655.205;µs
client_1;put;key5 value5;1155511264798;1155511395427;130629.124;µs
client_1;get;key4;1155511395497;1155511526276;130779.88;µs
client_1;put;key8 value8;1155511526336;1155511657141;130805.227;µs
client_1;put;key5 value5;1155511657212;1155511788068;130855.623;µs
client_1;put;key10 value10;1155511788139;1155511918862;130722.952;µs
client_1;get;key6;1155511918933;1155512049809;130875.891;µs
client_1;put;key3 value3;1155512049870;1155512180519;130649.622;µs
client_1;put;key4 value4;1155512180594;1155512311118;130524.939;µs
client_1;get;key8;1155512311191;1155512441373;130181.931;µs
client_1;get;key8;1155512441431;1155512571796;130365.177;µs
client_1;get;key9;1155512571857;1155512702418;130561.347;µs
client_1;get;key6;1155512702477;1155512833095;130618.674;µs
client_1;get;key8;1155512833154;1155512963674;130519.418;µs
client_1;put;key1 value1;1155512963733;1155513093795;130061.393;µs
client_1;put;key1 value1;1155513093838;1155513223840;130002.502;µs
client_1;get;key5;1155513223887;1155513353730;129843.181;µs
client_1;get;key4;1155513353766;1155513483484;129717.595;µs
client_1;put;key6 value6;1155513483507;1155513613868;130360.748;µs
client_1;get;key2;1155513613938;1155513744252;130313.459;µs
client_1;put;key2 value2;1155513744313;1155513874711;130397.657;µs
client_1;put;key1 value1;1155513874796;1155514004958;130161.881;µs
client_1;get;key6;1155514005056;1155514135255;130199.525;µs
client_1;put;key10 value10;1155514135315;1155514265671;130356.21;µs
client_1;get;key3;1155514265755;1155514396322;130566.855;µs
client_1;get;key8;1155514396381;1155514526783;130401.718;µs
client_1;put;key3 value3;1155514526844;1155514657157;130313.027;µs
client_1;get;key1;1155514657222;1155514787773;130550.908;µs
client_1;get;key7;1155514787832;1155514918555;130723.072;µs
client_1;get;key8;1155514918613;1155515049013;130400.052;µs
client_1;put;key9 value9;1155515049073;1155515179420;130347.22;µs
client_1;put;key9 value9;1155515179496;1155515310020;130523.366;µs
client_1;get;key3;1155515310091;1155515440455;130364.005;µs
client_1;put;key3 value3;1155515440514;1155515570927;130412.125;µs
client_1;put;key3 value3;1155515570997;1155515701350;130352.904;µs
client_1;put;key7 value7;1155515701432;1155515831759;130326.975;µs
client_1;get;key5;1155515831827;1155515962250;130422.525;µs
client_1;put;key8 value8;1155515962310;1155516092549;130239.189;µs
client_1;get;key3;1155516092624;1155516222595;129971.011;µs
client_1;put;key2 value2;1155516222656;1155516352976;130319.399;µs
client_1;get;key2;1155516353061;1155516483550;130489.091;µs
client_1;put;key5 value5;1155516483615;1155516614015;130400.314;µs
client_1;get;key4;1155516614085;1155516744403;130317.737;µs
client_1;get;key2;1155516744469;1155516874846;130376.247;µs
client_1;get;key5;1155516874904;1155517005547;130643.03;µs
client_1;put;key3 value3;1155517005608;1155517135776;130168.134;µs
client_1;put;key9 value9;1155517135852;1155517266526;130674.09;µs
client_1;get;key8;1155517266595;1155517397233;130638.09;µs
client_1;put;key2 value2;1155517397293;1155517527511;130218.09;µs
client_1;put;key3 value3;1155517527585;1155517658185;130600.07;µs
client_1;put;key1 value1;1155517658256;1155517788890;130633.873;µs
client_1;get;key6;1155517788959;1155517919428;130469.333;µs
client_1;get;key9;1155517919501;1155518049897;130396.265;µs
client_1;get;key7;1155518049973;1155518180233;130259.446;µs
client_1;put;key4 value4;1155518180297;1155518310561;130264.717;µs
client_1;put;key10 value10;1155518310633;1155518440756;130122.146;µs
client_1;put;key4 value4;1155518440827;1155518570995;130167.634;µs
client_1;get;key3;1155518571084;1155518701700;130616.09;µs
client_1;put;key3 value3;1155518701760;1155518831981;130221.445;µs
client_1;get;key3;1155518832197;1155518962594;130396.395;µs
client_1;put;key1 value1;1155518962655;1155519092875;130219.312;µs
client_1;get;key4;1155519092990;1155519222776;129786.233;µs
client_1;put;key8 value8;1155519222837;1155519352869;130032.138;µs
client_1;put;key2 value2;1155519352934;1155519483255;130321.523;µs
client_1;get;key8;1155519483319;1155519619774;136455.231;µs
client_1;put;key9 value9;1155519619835;1155519750138;130302.971;µs
client_1;get;key4;1155519750199;1155519880677;130477.739;µs
client_1;put;key7 value7;1155519880737;1155520011106;130369.504;µs
client_1;put;key9 value9;1155520011170;1155520141681;130511.362;µs
client_1;get;key5;1155520141746;1155520272422;130676.394;µs
client_1;put;key10 value10;1155520272483;1155520402961;130477.83;µs
client_1;put;key4 value4;1155520403053;1155520533311;130258.273;µs
client_1;put;key3 value3;1155520533375;1155520663891;130515.509;µs
client_1;get;key7;1155520663953;1155520794567;130613.726;µs
client_1;put;key8 value8;1155520794627;1155520925160;130533.282;µs
client_1;get;key5;1155520925222;1155521055168;129946.065;µs
client_1;put;key8 value8;1155521055228;1155521185341;130113.03;µs
client_1;put;key7 value7;1155521185405;1155521315568;130162.744;µs
client_1;put;key5 value5;1155521315634;1155521445959;130324.659;µs
client_1;get;key7;1155521446031;1155521576317;130285.995;µs
client_1;put;key5 value5;1155521576377;1155521706701;130323.458;µs
client_1;get;key5;1155521706762;1155521837357;130594.69;µs
client_1;put;key3 value3;1155521837415;1155521968157;130741.698;µs
client_1;get;key5;1155521968218;1155522098924;130706.02;µs
client_1;put;key5 value5;1155522098985;1155522229708;130722.281;µs
client_1;get;key8;1155522229769;1155522359998;130228.859;µs
client_1;get;key8;1155522360064;1155522490407;130343.104;µs
client_1;put;key6 value6;1155522490471;1155522620883;130412.144;µs
client_1;get;key6;1155522620944;1155522751548;130603.396;µs
client_1;get;key3;1155522751609;1155522883160;131551.124;µs
client_1;put;key9 value9;1155522883219;1155523013135;129915.598;µs
client_1;put;key2 value2;1155523013195;1155523143858;130663.018;µs
client_1;put;key9 value9;1155523143923;1155523274566;130642.961;µs
client_1;get;key6;1155523274627;1155523405356;130728.473;µs
client_1;get;key2;1155523405414;1155523535779;130364.916;µs
client_1;put;key10 value10;1155523535843;1155523666110;130267.189;µs
client_1;get;key2;1155523666170;1155523796526;130356.011;µs
client_1;put;key4 value4;1155523796587;1155523926515;129927.521;µs
client_1;get;key7;1155523926578;1155524056414;129835.736;µs
client_1;get;key8;1155524056473;1155524189510;133037.11;µs
client_1;put;key4 value4;1155524189570;1155524319421;129850.724;µs
client_1;put;key4 value4;1155524319488;1155524449464;129975.381;µs
client_1;get;key2;1155524449524;1155524580748;131224.038;µs
client_1;get;key2;1155524580808;1155524710757;129949.351;µs
client_1;put;key4 value4;1155524710817;1155524846407;135590.019;µs
client_1;put;key4 value4;1155524846470;1155524976881;130411.223;µs
client_1;get;key5;1155524976943;1155525107588;130644.572;µs
client_1;put;key3 value3;1155525107648;1155525237798;130149.378;µs
client_1;put;key5 value5;1155525237860;1155525368221;130360.839;µs
client_1;put;key5 value5;1155525368283;1155525498819;130535.777;µs
client_1;put;key6 value6;1155525498886;1155525629595;130709.415;µs
client_1;put;key6 value6;1155525629663;1155525760204;130541.831;µs
client_1;get;key4;1155525760275;1155525890933;130657.457;µs
client_1;put;key6 value6;1155525890999;1155526021533;130533.815;µs
client_1;get;key8;1155526021602;1155526152129;130527.381;µs
client_1;put;key2 value2;1155526152189;1155526282567;130378.432;µs
client_1;get;key5;1155526282627;1155526413142;130514.377;µs
client_1;get;key4;1155526413200;1155526543872;130672.787;µs
client_1;put;key1 value1;1155526543933;1155526673965;130031.887;µs
client_1;put;key10 value10;1155526674038;1155526804656;130617.923;µs
client_1;get;key4;1155526804718;1155526935472;130754.882;µs
client_1;put;key7 value7;1155526935535;1155527066165;130629.825;µs
client_1;get;key8;1155527066227;1155527196573;130345.851;µs
client_1;put;key8 value8;1155527196632;1155527326820;130187.91;µs
client_1;get;key4;1155527326880;1155527457207;130326.704;µs
client_1;put;key1 value1;1155527457266;1155527587826;130559.622;µs
client_1;get;key7;1155527587889;1155527718535;130646.288;µs
client_1;put;key1 value1;1155527718595;1155527848836;130241.041;µs
client_1;put;key2 value2;1155527848898;1155527979088;130190.076;µs
client_1;put;key8 value8;1155527979152;1155528109469;130316.625;µs
client_1;put;key4 value4;1155528109533;1155528240066;130533.083;µs
client_1;get;key6;1155528240128;1155528370801;130673.798;µs
client_1;put;key6 value6;1155528370870;1155528501238;130368.983;µs
client_1;put;key8 value8;1155528501304;1155528631864;130560.385;µs
client_1;get;key2;1155528631927;1155528762169;130242.324;µs
client_1;get;key6;1155528762229;1155528893624;131395.11;µs
client_1;get;key5;1155528893683;1155529024368;130685.569;µs
client_1;get;key10;1155529024426;1155529154686;130259.888;µs
client_1;get;key7;1155529154747;1155529285243;130495.782;µs
client_1;put;key8 value8;1155529285306;1155529415426;130120.223;µs
client_1;get;key9;1155529415489;1155529546246;130757.376;µs
client_1;get;key6;1155529546306;1155529679540;133233.793;µs
client_1;put;key4 value4;1155529679598;1155529810071;130472.458;µs
client_1;put;key6 value6;1155529810136;1155529940404;130267.741;µs
client_1;get;key4;1155529940464;1155530070146;129681.537;µs
client_1;put;key5 value5;1155530070204;1155530200501;130296.846;µs
client_1;get;key9;1155530200563;1155530330872;130309.081;µs
client_1;get;key4;1155530330931;1155530464526;133595.353;µs
client_1;get;key6;1155530464584;1155530594760;130175.87;µs
client_1;put;key6 value6;1155530594821;1155530725240;130419.198;µs
client_1;get;key6;1155530725302;1155530855518;130216.213;µs
client_1;get;key9;1155530855574;1155530986085;130511.251;µs
client_1;get;key7;1155530986145;1155531116435;130289.806;µs
client_1;get;key2;1155531116494;1155531246592;130097.641;µs
client_1;put;key2 value2;1155531246652;1155531376651;129998.853;µs
client_1;put;key5 value5;1155531376714;1155531507044;130330.13;µs
client_1;get;key3;1155531507118;1155531637646;130527.543;µs
client_1;get;key2;1155531637729;1155531768121;130391.555;µs
client_1;get;key2;1155531768196;1155531898693;130496.755;µs
client_1;get;key7;1155531898751;1155532029313;130562.077;µs
client_1;get;key10;1155532029373;1155532159858;130484.892;µs
client_1;put;key4 value4;1155532159918;1155532290223;130304.731;µs
client_1;get;key5;1155532290286;1155532420868;130582.657;µs
client_1;get;key4;1155532420926;1155532551491;130564.712;µs
client_1;get;key5;1155532551552;1155532681607;130055.392;µs
client_1;get;key10;1155532681667;1155532811994;130326.832;µs
client_1;put;key5 value5;1155532812067;1155532942493;130425.77;µs
client_1;get;key10;1155532942554;1155533072831;130276.569;µs
client_1;put;key9 value9;1155533072894;1155533203256;130362.511;µs
client_1;put;key9 value9;1155533203319;1155533333438;130118.36;µs
client_1;put;key5 value5;1155533333503;1155533464346;130842.227;µs
client_1;get;key7;1155533464411;1155533594590;130178.905;µs
client_1;put;key5 value5;1155533594650;1155533725159;130509.927;µs
client_1;get;key1;1155533725222;1155533855718;130496.146;µs
client_1;get;key4;1155533855778;1155533985986;130208.208;µs
client_1;get;key4;1155533986063;1155534116395;130332.915;µs
client_1;put;key10 value10;1155534116456;1155534246664;130207.609;µs
client_1;get;key6;1155534246725;1155534376948;130222.946;µs
client_1;get;key3;1155534377019;1155534506934;129915.187;µs
client_1;get;key8;1155534506990;1155534637169;130178.553;µs
client_1;put;key10 value10;1155534637228;1155534767169;129940.635;µs
client_1;put;key10 value10;1155534767236;1155534897585;130348.645;µs
client_1;get;key8;1155534897648;1155535028250;130602.303;µs
client_1;put;key5 value5;1155535028310;1155535158701;130390.934;µs
client_1;get;key8;1155535158763;1155535288791;130027.73;µs
client_1;put;key8 value8;1155535288851;1155535419292;130440.758;µs
client_1;get;key3;1155535419354;1155535549756;130402.286;µs
client_1;put;key7 value7;1155535549816;1155535679914;130098.482;µs
client_1;get;key5;1155535679976;1155535810437;130460.917;µs
client_1;put;key3 value3;1155535810496;1155535940892;130395.765;µs
client_1;put;key2 value2;1155535940955;1155536071150;130194.964;µs
client_1;put;key3 value3;1155536071214;1155536201796;130581.705;µs
client_1;put;key9 value9;1155536201860;1155536332372;130511.592;µs
client_1;get;key7;1155536332434;1155536462775;130340.289;µs
client_1;get;key4;1155536462834;1155536593183;130349.225;µs
client_1;put;key7 value7;1155536593246;1155536723821;130574.943;µs
client_1;get;key5;1155536723901;1155536854767;130865.79;µs
client_1;get;key5;1155536854831;1155536985398;130566.948;µs
client_1;put;key3 value3;1155536985458;1155537116049;130591.351;µs
client_1;get;key4;1155537116111;1155537246617;130505.71;µs
client_1;put;key8 value8;1155537246687;1155537376997;130309.753;µs
client_1;get;key9;1155537377073;1155537507814;130741.546;µs
client_1;put;key5 value5;1155537507874;1155537638513;130638.531;µs
client_1;put;key5 value5;1155537638576;1155537769041;130465.605;µs
client_1;get;key6;1155537769103;1155537900865;131762.202;µs
client_1;get;key6;1155537900923;1155538033940;133016.381;µs
client_1;get;key8;1155538033998;1155538164637;130638.721;µs
client_1;put;key1 value1;1155538164698;1155538295074;130376.328;µs
client_1;get;key5;1155538295134;1155538426013;130879.314;µs
client_1;put;key5 value5;1155538426074;1155538556702;130628.022;µs
client_1;put;key3 value3;1155538556766;1155538686821;130055.532;µs
client_1;get;key5;1155538686884;1155538817099;130215.033;µs
client_1;get;key8;1155538817158;1155538947649;130491.282;µs
client_1;put;key2 value2;1155538947709;1155539077490;129780.602;µs
client_1;get;key3;1155539077550;1155539207418;129867.306;µs
client_1;get;key3;1155539207474;1155539337818;130343.995;µs
client_1;get;key4;1155539337877;1155539467829;129951.766;µs
client_1;put;key3 value3;1155539467885;1155539598397;130512.054;µs
client_1;get;key2;1155539598457;1155539728543;130085.778;µs
client_1;put;key5 value5;1155539728604;1155539859146;130542.661;µs
client_1;get;key3;1155539859207;1155539989579;130372.268;µs
client_1;get;key4;1155539989638;1155540120098;130459.334;µs
client_1;get;key4;1155540120157;1155540250598;130441.298;µs
client_1;put;key2 value2;1155540250658;1155540381439;130781.691;µs
client_1;get;key8;1155540381500;1155540511964;130463.722;µs
client_1;put;key5 value5;1155540512040;1155540642827;130786.39;µs
client_1;put;key8 value8;1155540642890;1155540773190;130300.815;µs
client_1;put;key2 value2;1155540773252;1155540903859;130607.284;µs
client_1;get;key4;1155540903922;1155541034517;130594.408;µs
client_1;get;key2;1155541034573;1155541165329;130755.882;µs
client_1;get;key6;1155541165387;1155541295448;130060.089;µs
client_1;get;key8;1155541295505;1155541425838;130332.392;µs
client_1;get;key7;1155541425903;1155541556529;130625.508;µs
client_1;get;key4;1155541556596;1155541687109;130513.466;µs
client_1;get;key8;1155541687167;1155541817398;130231.734;µs
client_1;get;key8;1155541817456;1155541947662;130206.226;µs
client_1;get;key6;1155541947721;1155542078787;131065.918;µs
client_1;put;key9 value9;1155542078852;1155542209055;130203.662;µs
client_1;get;key8;1155542209116;1155542339179;130062.674;µs
client_1;get;key2;1155542339240;1155542469535;130294.862;µs
client_1;put;key3 value3;1155542469596;1155542599476;129880.03;µs
client_1;get;key9;1155542599540;1155542730245;130704.948;µs
client_1;get;key4;1155542730302;1155542860586;130283.932;µs
client_1;put;key7 value7;1155542860646;1155542990967;130321.202;µs
client_1;put;key2 value2;1155542991042;1155543121206;130163.564;µs
client_1;put;key3 value3;1155543121273;1155543251720;130446.33;µs
client_1;get;key6;1155543251782;1155543381550;129768.58;µs
client_1;put;key2 value2;1155543381614;1155543512378;130764.089;µs
client_1;put;key3 value3;1155543512449;1155543642745;130296.414;µs
client_1;get;key10;1155543642810;1155543773314;130503.668;µs
client_1;get;key8;1155543773373;1155543903173;129799.065;µs
client_1;get;key4;1155543903238;1155544033172;129934.003;µs
client_1;get;key8;1155544033240;1155544163886;130645.745;µs
client_1;put;key3 value3;1155544163946;1155544293681;129734.965;µs
client_1;get;key3;1155544293749;1155544423612;129862.675;µs
client_1;put;key3 value3;1155544423684;1155544553801;130116.155;µs
client_1;get;key4;1155544553868;1155544683616;129747.751;µs
client_1;put;key2 value2;1155544683679;1155544813967;130288.061;µs
client_1;get;key6;1155544814053;1155544944230;130176.4;µs
client_1;get;key9;1155544944299;1155545074565;130266.747;µs
client_1;get;key2;1155545074634;1155545205018;130384.565;µs
client_1;get;key7;1155545205078;1155545335316;130237.974;µs
client_1;get;key10;1155545335376;1155545465889;130513.256;µs
client_1;put;key9 value9;1155545465953;1155545599546;133593.509;µs
client_1;put;key5 value5;1155545599624;1155545729961;130337.591;µs
client_1;get;key1;1155545730065;1155545860476;130410.863;µs
client_1;put;key2 value2;1155545860557;1155545990804;130247.292;µs
client_1;put;key9 value9;1155545990871;1155546121318;130446.389;µs
client_1;put;key6 value6;1155546121381;1155546251760;130379.734;µs
client_1;put;key10 value10;1155546251826;1155546382114;130287.839;µs
client_1;get;key8;1155546382182;1155546512177;129995.427;µs
client_1;get;key9;1155546512234;1155546642536;130301.173;µs
client_1;get;key9;1155546642594;1155546772794;130200.354;µs
client_1;put;key10 value10;1155546772855;1155546902620;129764.232;µs
client_1;get;key7;1155546902688;1155547032858;130170.187;µs
client_1;put;key4 value4;1155547032929;1155547162992;130062.905;µs
client_1;get;key2;1155547163070;1155547292914;129843.5;µs
client_1;get;key8;1155547292977;1155547422981;130004.063;µs
client_1;get;key1;1155547423053;1155547552970;129916.692;µs
client_1;put;key2 value2;1155547553048;1155547683499;130450.887;µs
client_1;put;key3 value3;1155547683563;1155547813720;130157.533;µs
client_1;get;key2;1155547813784;1155547944300;130516.943;µs
client_1;put;key6 value6;1155547944362;1155548074480;130117.998;µs
client_1;get;key2;1155548074545;1155548204710;130164.758;µs
client_1;get;key5;1155548204776;1155548335275;130499.428;µs
client_1;put;key2 value2;1155548335335;1155548465514;130178.793;µs
client_1;put;key8 value8;1155548465577;1155548596201;130623.775;µs
client_1;get;key4;1155548596262;1155548726918;130655.753;µs
client_1;get;key4;1155548726978;1155548857664;130686.16;µs
client_1;get;key4;1155548857733;1155548988272;130539.334;µs
client_1;get;key5;1155548988332;1155549118759;130426.993;µs
client_1;put;key4 value4;1155549118819;1155549249470;130651.505;µs
client_1;put;key7 value7;1155549249541;1155549379906;130364.054;µs
client_1;put;key8 value8;1155549379973;1155549510386;130413.365;µs
client_1;get;key7;1155549510447;1155549640859;130412.014;µs
client_1;get;key2;1155549640917;1155549771388;130471.586;µs
client_1;put;key3 value3;1155549771449;1155549901664;130215.854;µs
client_1;get;key9;1155549901732;1155550031883;130151.703;µs
client_1;put;key5 value5;1155550031951;1155550162185;130234.468;µs
client_1;get;key2;1155550162246;1155550292194;129947.547;µs
client_1;put;key3 value3;1155550292254;1155550422478;130224.058;µs
client_1;put;key7 value7;1155550422541;1155550553022;130480.404;µs
client_1;put;key5 value5;1155550553086;1155550683530;130444.475;µs
client_1;get;key6;1155550683591;1155550814012;130421.392;µs
client_1;put;key8 value8;1155550814076;1155550944593;130517.642;µs
client_1;get;key6;1155550944655;1155551074992;130337.363;µs
client_1;put;key5 value5;1155551075066;1155551205231;130165.469;µs
client_1;get;key5;1155551205294;1155551335427;130132.366;µs
client_1;get;key8;1155551335485;1155551465783;130298.177;µs
client_1;put;key7 value7;1155551465845;1155551595892;130047.866;µs
client_1;get;key8;1155551595954;1155551726746;130792.802;µs
client_1;put;key4 value4;1155551726807;1155551857531;130723.693;µs
client_1;put;key4 value4;1155551857594;1155551989017;131422.772;µs
client_1;get;key8;1155551989078;1155552119194;130115.856;µs
client_1;put;key7 value7;1155552119255;1155552249588;130333.124;µs
client_1;get;key6;1155552249653;1155552380019;130366.629;µs
client_1;put;key6 value6;1155552380080;1155552510312;130232.314;µs
client_1;put;key9 value9;1155552510371;1155552640849;130477.527;µs
client_1;put;key8 value8;1155552640919;1155552771297;130378.289;µs
client_1;get;key7;1155552771367;1155552901871;130504.649;µs
client_1;put;key6 value6;1155552901934;1155553032357;130422.965;µs
client_1;put;key6 value6;1155553032425;1155553162825;130400.221;µs
client_1;get;key2;1155553162895;1155553292925;130030.244;µs
client_1;put;key2 value2;1155553292998;1155553423415;130416.984;µs
client_1;get;key3;1155553423489;1155553553743;130253.614;µs
client_1;get;key5;1155553553799;1155553684237;130438.343;µs
client_1;put;key4 value4;1155553684297;1155553814806;130508.777;µs
client_1;get;key1;1155553814869;1155553945164;130294.5;µs
client_1;put;key8 value8;1155553945224;1155554075527;130303.58;µs
client_1;get;key2;1155554075586;1155554214491;138904.125;µs
client_1;put;key2 value2;1155554214552;1155554344926;130373.81;µs
client_1;get;key2;1155554344987;1155554475332;130344.957;µs
client_1;get;key4;1155554475391;1155554605501;130109.09;µs
client_1;put;key9 value9;1155554605561;1155554735975;130414.179;µs
client_1;get;key2;1155554736056;1155554866684;130628.321;µs
client_1;get;key4;1155554866753;1155554997214;130460.424;µs
client_1;get;key9;1155554997270;1155555127096;129826.119;µs
client_1;get;key7;1155555127162;1155555257499;130337.294;µs
client_1;get;key8;1155555257562;1155555387545;129982.883;µs
client_1;get;key1;1155555387613;1155555517706;130093.392;µs
client_1;get;key6;1155555517773;1155555647636;129862.716;µs
client_1;put;key6 value6;1155555647700;1155555777519;129818.835;µs
client_1;get;key5;1155555777579;1155555907560;129981.811;µs
client_1;get;key8;1155555907621;1155556037445;129824.915;µs
client_1;put;key4 value4;1155556037504;1155556167670;130166.34;µs
client_1;put;key6 value6;1155556167736;1155556297958;130222.144;µs
client_1;get;key6;1155556298037;1155556428536;130499.658;µs
client_1;get;key2;1155556428595;1155556559014;130418.547;µs
client_1;put;key2 value2;1155556559079;1155556689515;130435.849;µs
client_1;put;key7 value7;1155556689579;1155556819916;130336.192;µs
client_1;get;key4;1155556819980;1155556950579;130598.405;µs
client_1;get;key9;1155556950636;1155557080983;130347.08;µs
client_1;get;key8;1155557081067;1155557211360;130293.14;µs
client_1;put;key4 value4;1155557211439;1155557341799;130359.843;µs
client_1;put;key9 value9;1155557341861;1155557471867;130005.949;µs
client_1;get;key7;1155557471929;1155557602544;130614.715;µs
client_1;put;key9 value9;1155557602615;1155557732782;130167.232;µs
client_1;put;key8 value8;1155557732849;1155557863162;130312.566;µs
client_1;put;key9 value9;1155557863229;1155557993516;130286.956;µs
client_1;get;key4;1155557993579;1155558123715;130135.343;µs
client_1;put;key4 value4;1155558123774;1155558253796;130021.415;µs
client_1;put;key2 value2;1155558253865;1155558384147;130282.29;µs
client_1;get;key4;1155558384218;1155558514434;130216.024;µs
client_1;put;key3 value3;1155558514494;1155558644921;130426.141;µs
client_1;get;key8;1155558644982;1155558775067;130084.955;µs
client_1;put;key3 value3;1155558775128;1155558905220;130092.602;µs
client_1;put;key2 value2;1155558905291;1155559035423;130131.864;µs
client_1;get;key5;1155559035493;1155559165808;130314.17;µs
client_1;get;key4;1155559165867;1155559296134;130267.321;µs
client_1;put;key9 value9;1155559296194;1155559426878;130684.136;µs
client_1;get;key3;1155559426939;1155559557537;130597.564;µs
client_1;get;key5;1155559557596;1155559688023;130427.794;µs
client_1;put;key9 value9;1155559688084;1155559818307;130222.866;µs
client_1;get;key8;1155559818368;1155559948576;130207.669;µs
client_1;get;key6;1155559948634;1155560078795;130161.349;µs
client_1;put;key7 value7;1155560078856;1155560209331;130475.063;µs
client_1;get;key9;1155560209392;1155560339171;129779.128;µs
client_1;get;key6;1155560339229;1155560469211;129982.122;µs
client_1;put;key3 value3;1155560469280;1155560599023;129742.7;µs
client_1;put;key6 value6;1155560599095;1155560729139;130043.448;µs
client_1;get;key9;1155560729200;1155560859424;130224.478;µs
client_1;get;key10;1155560859483;1155560989758;130274.585;µs
client_1;put;key3 value3;1155560989816;1155561120326;130510.489;µs
client_1;get;key2;1155561120387;1155561250583;130195.434;µs
client_1;put;key2 value2;1155561250648;1155561380670;130021.305;µs
client_1;put;key8 value8;1155561380732;1155561511156;130423.757;µs
client_1;get;key4;1155561511217;1155561641911;130693.515;µs
client_1;put;key10 value10;1155561641970;1155561772669;130698.706;µs
client_1;put;key5 value5;1155561772745;1155561903150;130405.27;µs
client_1;get;key9;1155561903217;1155562033677;130459.562;µs
client_1;get;key7;1155562033735;1155562163906;130171.52;µs
client_1;put;key4 value4;1155562163966;1155562294155;130188.103;µs
client_1;put;key6 value6;1155562294225;1155562424221;129995.637;µs
client_1;put;key1 value1;1155562424284;1155562554758;130474.16;µs
client_1;put;key8 value8;1155562554827;1155562685332;130505.741;µs
client_1;put;key4 value4;1155562685405;1155562815654;130248.834;µs
client_1;put;key2 value2;1155562815723;1155562945784;130060.951;µs
client_1;get;key5;1155562945851;1155563076232;130380.765;µs
client_1;put;key2 value2;1155563076302;1155563206400;130097.741;µs
client_1;get;key9;1155563206467;1155563336451;129984.145;µs
client_1;get;key6;1155563336511;1155563467042;130531.108;µs
client_1;put;key7 value7;1155563467113;1155563596994;129881.653;µs
client_1;get;key8;1155563597075;1155563727103;130028.629;µs
client_1;get;key6;1155563727168;1155563857592;130424.708;µs
client_1;get;key6;1155563857657;1155563988202;130545.086;µs
client_1;put;key1 value1;1155563988269;1155564118656;130387.556;µs
client_1;get;key9;1155564118725;1155564248886;130160.357;µs
client_1;get;key7;1155564248950;1155564379686;130735.415;µs
client_1;get;key4;1155564379747;1155564511883;132135.848;µs
client_1;get;key6;1155564511949;1155564642390;130440.568;µs
client_1;put;key8 value8;1155564642460;1155564779868;137407.668;µs
client_1;put;key2 value2;1155564779942;1155564910219;130276.868;µs
client_1;get;key6;1155564910282;1155565040529;130246.172;µs
client_1;put;key4 value4;1155565040589;1155565170808;130219.59;µs
client_1;put;key4 value4;1155565170871;1155565300975;130103.48;µs
client_1;put;key8 value8;1155565301056;1155565431609;130553.079;µs
client_1;put;key8 value8;1155565431677;1155565562163;130485.475;µs
client_1;get;key1;1155565562232;1155565692479;130246.89;µs
client_1;get;key10;1155565692545;1155565823501;130956.371;µs
client_1;get;key4;1155565823565;1155565953480;129915.076;µs
client_1;put;key6 value6;1155565953543;1155566083877;130334.807;µs
client_1;get;key8;1155566083938;1155566214136;130197.468;µs
client_1;put;key3 value3;1155566214195;1155566344271;130076.189;µs
client_1;put;key5 value5;1155566344330;1155566474483;130152.864;µs
client_1;put;key1 value1;1155566474550;1155566604988;130438.202;µs
client_1;get;key3;1155566605071;1155566735199;130128.018;µs
client_1;put;key9 value9;1155566735258;1155566865818;130559.822;µs
client_1;put;key7 value7;1155566865882;1155566996277;130395.194;µs
client_1;put;key2 value2;1155566996342;1155567126472;130129.942;µs
client_1;put;key4 value4;1155567126534;1155567257014;130480.031;µs
client_1;get;key5;1155567257077;1155567387414;130336.941;µs
client_1;get;key4;1155567387472;1155567517886;130414.107;µs
client_1;get;key7;1155567517945;1155567648405;130460.065;µs
client_1;put;key3 value3;1155567648465;1155567778924;130458.922;µs
client_1;put;key7 value7;1155567778988;1155567909143;130155.237;µs
client_1;put;key6 value6;1155567909212;1155568039656;130443.995;µs
client_1;put;key9 value9;1155568039721;1155568170128;130407.426;µs
client_1;put;key4 value4;1155568170188;1155568300220;130031.985;µs
client_1;put;key7 value7;1155568300288;1155568430334;130045.822;µs
client_1;get;key4;1155568430395;1155568560920;130525.268;µs
client_1;get;key7;1155568560981;1155568691441;130459.843;µs
client_1;get;key5;1155568691499;1155568822426;130926.384;µs
client_1;put;key8 value8;1155568822486;1155568952758;130272.12;µs
client_1;get;key6;1155568952821;1155569083030;130209.902;µs
client_1;get;key9;1155569083091;1155569213468;130377.228;µs
client_1;get;key8;1155569213529;1155569343520;129991.469;µs
client_1;get;key1;1155569343577;1155569474227;130649.45;µs
client_1;get;key5;1155569474286;1155569604741;130454.885;µs
client_1;get;key4;1155569604799;1155569735040;130240.821;µs
client_1;put;key4 value4;1155569735096;1155569865597;130500.2;µs
client_1;get;key5;1155569865660;1155569996435;130775.257;µs
client_1;get;key4;1155569996494;1155570127023;130528.883;µs
client_1;put;key7 value7;1155570127109;1155570257673;130563.438;µs
client_1;get;key5;1155570257734;1155570388320;130586.744;µs
client_1;put;key2 value2;1155570388380;1155570518834;130454.001;µs
client_1;put;key4 value4;1155570518903;1155570649536;130632.81;µs
client_1;put;key1 value1;1155570649599;1155570780169;130570.794;µs
client_1;get;key7;1155570780229;1155570910373;130143.426;µs
client_1;get;key2;1155570910433;1155571040891;130457.778;µs
client_1;get;key8;1155571040955;1155571171391;130436.158;µs
client_1;get;key9;1155571171450;1155571301494;130044.161;µs
client_1;get;key8;1155571301553;1155571431992;130439.495;µs
client_1;get;key7;1155571432066;1155571562425;130358.612;µs
client_1;get;key4;1155571562488;1155571692586;130098.702;µs
client_1;put;key10 value10;1155571692652;1155571823330;130677.895;µs
client_1;put;key2 value2;1155571823394;1155571954584;131190.061;µs
client_1;put;key7 value7;1155571954653;1155572084798;130144.819;µs
client_1;get;key1;1155572084865;1155572215127;130261.37;µs
client_1;get;key6;1155572215195;1155572345619;130423.855;µs
client_1;get;key3;1155572345675;1155572475874;130198.48;µs
client_1;put;key4 value4;1155572475942;1155572606304;130362.6;µs
client_1;get;key10;1155572606373;1155572736807;130434.335;µs
client_1;get;key4;1155572736870;1155572867101;130231.464;µs
client_1;put;key7 value7;1155572867165;1155572997498;130333.343;µs
client_1;put;key4 value4;1155572997566;1155573128284;130718.182;µs
client_1;put;key7 value7;1155573128347;1155573259693;131345.535;µs
client_1;get;key7;1155573259754;1155573390592;130838.207;µs
client_1;get;key9;1155573390651;1155573521219;130567.078;µs
client_1;put;key5 value5;1155573521278;1155573651633;130354.425;µs
client_1;get;key8;1155573651694;1155573782487;130793.071;µs
client_1;get;key6;1155573782556;1155573912863;130307.616;µs
client_1;get;key9;1155573912922;1155574042838;129916.487;µs
client_1;get;key5;1155574042897;1155574172931;130034.011;µs
client_1;get;key9;1155574172989;1155574303510;130521.538;µs
client_1;get;key5;1155574303569;1155574433822;130253.003;µs
client_1;put;key5 value5;1155574433881;1155574564153;130271.178;µs
client_1;get;key8;1155574564211;1155574695118;130906.777;µs
client_1;get;key6;1155574695178;1155574825747;130569.489;µs
client_1;put;key6 value6;1155574825808;1155574956271;130462.889;µs
client_1;get;key3;1155574956331;1155575086519;130188.321;µs
client_1;get;key5;1155575086577;1155575217134;130556.425;µs
client_1;put;key3 value3;1155575217193;1155575348181;130988.36;µs
client_1;get;key6;1155575348241;1155575479192;130951.121;µs
client_1;get;key7;1155575479251;1155575609425;130173.3;µs
